DATA,DATA_HORA_COMPARADOR,TEMPERATURA,PRECIPITACAO
2022-05-01 00:00:00,2022-05-01T00:00:00,15.8,0.0
2022-05-01 01:00:00,2022-05-01T01:00:00,15.1,0.0
2022-05-01 02:00:00,2022-05-01T02:00:00,14.7,0.0
2022-05-01 03:00:00,2022-05-01T03:00:00,14.4,0.0
2022-05-01 04:00:00,2022-05-01T04:00:00,14.4,0.0
2022-05-01 05:00:00,2022-05-01T05:00:00,14.0,0.0
2022-05-01 06:00:00,2022-05-01T06:00:00,13.7,0.0
2022-05-01 07:00:00,2022-05-01T07:00:00,12.9,0.0
2022-05-01 08:00:00,2022-05-01T08:00:00,13.0,0.0
2022-05-01 09:00:00,2022-05-01T09:00:00,12.7,0.0
2022-05-01 10:00:00,2022-05-01T10:00:00,14.9,0.0
2022-05-01 11:00:00,2022-05-01T11:00:00,17.4,0.0
2022-05-01 12:00:00,2022-05-01T12:00:00,19.2,0.0
2022-05-01 13:00:00,2022-05-01T13:00:00,20.5,0.0
2022-05-01 14:00:00,2022-05-01T14:00:00,21.6,0.0
2022-05-01 15:00:00,2022-05-01T15:00:00,23.7,0.0
2022-05-01 16:00:00,2022-05-01T16:00:00,24.4,0.0
2022-05-01 17:00:00,2022-05-01T17:00:00,24.5,0.0
2022-05-01 18:00:00,2022-05-01T18:00:00,24.8,0.0
2022-05-01 19:00:00,2022-05-01T19:00:00,24.1,0.0
2022-05-01 20:00:00,2022-05-01T20:00:00,22.7,0.0
2022-05-01 21:00:00,2022-05-01T21:00:00,18.5,0.0
2022-05-01 22:00:00,2022-05-01T22:00:00,18.5,0.0
2022-05-01 23:00:00,2022-05-01T23:00:00,17.7,0.0
2022-05-02 00:00:00,2022-05-02T00:00:00,16.7,0.0
2022-05-02 01:00:00,2022-05-02T01:00:00,15.0,0.0
2022-05-02 02:00:00,2022-05-02T02:00:00,14.4,0.0
2022-05-02 03:00:00,2022-05-02T03:00:00,13.4,0.0
2022-05-02 04:00:00,2022-05-02T04:00:00,12.8,0.0
2022-05-02 05:00:00,2022-05-02T05:00:00,12.6,0.0
2022-05-02 06:00:00,2022-05-02T06:00:00,12.2,0.0
2022-05-02 07:00:00,2022-05-02T07:00:00,12.0,0.0
2022-05-02 08:00:00,2022-05-02T08:00:00,12.0,0.0
2022-05-02 09:00:00,2022-05-02T09:00:00,11.9,0.0
2022-05-02 10:00:00,2022-05-02T10:00:00,14.9,0.0
2022-05-02 11:00:00,2022-05-02T11:00:00,18.3,0.0
2022-05-02 12:00:00,2022-05-02T12:00:00,20.4,0.0
2022-05-02 13:00:00,2022-05-02T13:00:00,22.0,0.0
2022-05-02 14:00:00,2022-05-02T14:00:00,23.2,0.0
2022-05-02 15:00:00,2022-05-02T15:00:00,25.1,0.0
2022-05-02 16:00:00,2022-05-02T16:00:00,25.7,0.0
2022-05-02 17:00:00,2022-05-02T17:00:00,25.4,0.0
2022-05-02 18:00:00,2022-05-02T18:00:00,24.9,0.0
2022-05-02 19:00:00,2022-05-02T19:00:00,24.4,0.0
2022-05-02 20:00:00,2022-05-02T20:00:00,22.6,0.0
2022-05-02 21:00:00,2022-05-02T21:00:00,20.1,0.0
2022-05-02 22:00:00,2022-05-02T22:00:00,17.6,0.0
2022-05-02 23:00:00,2022-05-02T23:00:00,16.8,0.0
2022-05-03 00:00:00,2022-05-03T00:00:00,16.2,0.0
2022-05-03 01:00:00,2022-05-03T01:00:00,15.3,0.0
2022-05-03 02:00:00,2022-05-03T02:00:00,15.1,0.0
2022-05-03 03:00:00,2022-05-03T03:00:00,14.4,0.0
2022-05-03 04:00:00,2022-05-03T04:00:00,13.7,0.0
2022-05-03 05:00:00,2022-05-03T05:00:00,13.8,0.0
2022-05-03 06:00:00,2022-05-03T06:00:00,13.5,0.0
2022-05-03 07:00:00,2022-05-03T07:00:00,12.9,0.0
2022-05-03 08:00:00,2022-05-03T08:00:00,12.7,0.0
2022-05-03 09:00:00,2022-05-03T09:00:00,12.6,0.0
2022-05-03 10:00:00,2022-05-03T10:00:00,15.9,0.0
2022-05-03 11:00:00,2022-05-03T11:00:00,18.7,0.0
2022-05-03 12:00:00,2022-05-03T12:00:00,20.9,0.0
2022-05-03 13:00:00,2022-05-03T13:00:00,22.4,0.0
2022-05-03 14:00:00,2022-05-03T14:00:00,23.6,0.0
2022-05-03 15:00:00,2022-05-03T15:00:00,25.5,0.0
2022-05-03 16:00:00,2022-05-03T16:00:00,25.5,0.0
2022-05-03 17:00:00,2022-05-03T17:00:00,25.8,0.0
2022-05-03 18:00:00,2022-05-03T18:00:00,25.7,0.0
2022-05-03 19:00:00,2022-05-03T19:00:00,24.9,0.0
2022-05-03 20:00:00,2022-05-03T20:00:00,23.6,0.0
2022-05-03 21:00:00,2022-05-03T21:00:00,20.6,0.0
2022-05-03 22:00:00,2022-05-03T22:00:00,18.8,0.0
2022-05-03 23:00:00,2022-05-03T23:00:00,17.6,0.0
2022-05-04 00:00:00,2022-05-04T00:00:00,17.6,0.0
2022-05-04 01:00:00,2022-05-04T01:00:00,16.8,0.0
2022-05-04 02:00:00,2022-05-04T02:00:00,16.1,0.0
2022-05-04 03:00:00,2022-05-04T03:00:00,15.5,0.0
2022-05-04 04:00:00,2022-05-04T04:00:00,15.3,0.0
2022-05-04 05:00:00,2022-05-04T05:00:00,15.1,0.0
2022-05-04 06:00:00,2022-05-04T06:00:00,14.5,0.0
2022-05-04 07:00:00,2022-05-04T07:00:00,15.1,0.0
2022-05-04 08:00:00,2022-05-04T08:00:00,14.8,0.0
2022-05-04 09:00:00,2022-05-04T09:00:00,14.9,0.0
2022-05-04 10:00:00,2022-05-04T10:00:00,17.5,0.0
2022-05-04 11:00:00,2022-05-04T11:00:00,19.5,0.0
2022-05-04 12:00:00,2022-05-04T12:00:00,21.0,0.0
2022-05-04 13:00:00,2022-05-04T13:00:00,22.3,0.0
2022-05-04 14:00:00,2022-05-04T14:00:00,23.1,0.1
2022-05-04 15:00:00,2022-05-04T15:00:00,24.8,0.0
2022-05-04 16:00:00,2022-05-04T16:00:00,25.1,0.0
2022-05-04 17:00:00,2022-05-04T17:00:00,25.1,0.0
2022-05-04 18:00:00,2022-05-04T18:00:00,24.4,0.0
2022-05-04 19:00:00,2022-05-04T19:00:00,23.7,0.0
2022-05-04 20:00:00,2022-05-04T20:00:00,23.3,0.0
2022-05-04 21:00:00,2022-05-04T21:00:00,21.2,0.0
2022-05-04 22:00:00,2022-05-04T22:00:00,19.3,0.0
2022-05-04 23:00:00,2022-05-04T23:00:00,19.1,0.1
2022-05-05 00:00:00,2022-05-05T00:00:00,18.1,1.0
2022-05-05 01:00:00,2022-05-05T01:00:00,17.7,0.2
2022-05-05 02:00:00,2022-05-05T02:00:00,17.7,0.4
2022-05-05 03:00:00,2022-05-05T03:00:00,16.9,0.4
2022-05-05 04:00:00,2022-05-05T04:00:00,16.8,0.4
2022-05-05 05:00:00,2022-05-05T05:00:00,16.4,0.3
2022-05-05 06:00:00,2022-05-05T06:00:00,16.3,0.3
2022-05-05 07:00:00,2022-05-05T07:00:00,16.2,0.9
2022-05-05 08:00:00,2022-05-05T08:00:00,16.0,1.3
2022-05-05 09:00:00,2022-05-05T09:00:00,16.0,1.3
2022-05-05 10:00:00,2022-05-05T10:00:00,16.8,1.2
2022-05-05 11:00:00,2022-05-05T11:00:00,17.2,1.3
2022-05-05 12:00:00,2022-05-05T12:00:00,17.7,0.8
2022-05-05 13:00:00,2022-05-05T13:00:00,18.2,0.3
2022-05-05 14:00:00,2022-05-05T14:00:00,18.5,0.4
2022-05-05 15:00:00,2022-05-05T15:00:00,20.1,0.1
2022-05-05 16:00:00,2022-05-05T16:00:00,20.2,0.1
2022-05-05 17:00:00,2022-05-05T17:00:00,19.8,0.7
2022-05-05 18:00:00,2022-05-05T18:00:00,19.9,0.4
2022-05-05 19:00:00,2022-05-05T19:00:00,20.0,0.1
2022-05-05 20:00:00,2022-05-05T20:00:00,19.3,0.0
2022-05-05 21:00:00,2022-05-05T21:00:00,17.9,0.0
2022-05-05 22:00:00,2022-05-05T22:00:00,17.0,0.0
2022-05-05 23:00:00,2022-05-05T23:00:00,16.9,0.0
2022-05-06 00:00:00,2022-05-06T00:00:00,16.4,0.0
2022-05-06 01:00:00,2022-05-06T01:00:00,16.5,0.0
2022-05-06 02:00:00,2022-05-06T02:00:00,16.1,0.0
2022-05-06 03:00:00,2022-05-06T03:00:00,15.9,0.0
2022-05-06 04:00:00,2022-05-06T04:00:00,14.9,0.0
2022-05-06 05:00:00,2022-05-06T05:00:00,15.0,0.0
2022-05-06 06:00:00,2022-05-06T06:00:00,15.0,0.0
2022-05-06 07:00:00,2022-05-06T07:00:00,14.8,0.0
2022-05-06 08:00:00,2022-05-06T08:00:00,14.5,0.0
2022-05-06 09:00:00,2022-05-06T09:00:00,14.2,0.0
2022-05-06 10:00:00,2022-05-06T10:00:00,15.6,0.0
2022-05-06 11:00:00,2022-05-06T11:00:00,17.4,0.0
2022-05-06 12:00:00,2022-05-06T12:00:00,18.0,0.0
2022-05-06 13:00:00,2022-05-06T13:00:00,19.3,0.0
2022-05-06 14:00:00,2022-05-06T14:00:00,20.4,0.0
2022-05-06 15:00:00,2022-05-06T15:00:00,22.0,0.2
2022-05-06 16:00:00,2022-05-06T16:00:00,22.6,0.3
2022-05-06 17:00:00,2022-05-06T17:00:00,23.0,0.1
2022-05-06 18:00:00,2022-05-06T18:00:00,23.2,0.0
2022-05-06 19:00:00,2022-05-06T19:00:00,22.9,0.0
2022-05-06 20:00:00,2022-05-06T20:00:00,21.3,0.0
2022-05-06 21:00:00,2022-05-06T21:00:00,19.5,0.0
2022-05-06 22:00:00,2022-05-06T22:00:00,17.8,0.0
2022-05-06 23:00:00,2022-05-06T23:00:00,16.9,0.0
2022-05-07 00:00:00,2022-05-07T00:00:00,16.3,0.0
2022-05-07 01:00:00,2022-05-07T01:00:00,16.0,0.0
2022-05-07 02:00:00,2022-05-07T02:00:00,15.7,0.0
2022-05-07 03:00:00,2022-05-07T03:00:00,15.0,0.0
2022-05-07 04:00:00,2022-05-07T04:00:00,15.0,0.0
2022-05-07 05:00:00,2022-05-07T05:00:00,14.7,0.0
2022-05-07 06:00:00,2022-05-07T06:00:00,14.3,0.0
2022-05-07 07:00:00,2022-05-07T07:00:00,14.2,0.0
2022-05-07 08:00:00,2022-05-07T08:00:00,14.5,0.0
2022-05-07 09:00:00,2022-05-07T09:00:00,14.2,0.0
2022-05-07 10:00:00,2022-05-07T10:00:00,15.4,0.0
2022-05-07 11:00:00,2022-05-07T11:00:00,16.4,0.0
2022-05-07 12:00:00,2022-05-07T12:00:00,17.6,0.0
2022-05-07 13:00:00,2022-05-07T13:00:00,18.6,0.0
2022-05-07 14:00:00,2022-05-07T14:00:00,19.7,0.1
2022-05-07 15:00:00,2022-05-07T15:00:00,21.4,0.1
2022-05-07 16:00:00,2022-05-07T16:00:00,21.8,0.1
2022-05-07 17:00:00,2022-05-07T17:00:00,22.0,0.1
2022-05-07 18:00:00,2022-05-07T18:00:00,21.7,0.1
2022-05-07 19:00:00,2022-05-07T19:00:00,21.0,0.0
2022-05-07 20:00:00,2022-05-07T20:00:00,19.8,0.0
2022-05-07 21:00:00,2022-05-07T21:00:00,18.2,0.0
2022-05-07 22:00:00,2022-05-07T22:00:00,16.3,0.0
2022-05-07 23:00:00,2022-05-07T23:00:00,15.7,0.0
2022-05-08 00:00:00,2022-05-08T00:00:00,15.2,0.0
2022-05-08 01:00:00,2022-05-08T01:00:00,14.9,0.0
2022-05-08 02:00:00,2022-05-08T02:00:00,14.5,0.0
2022-05-08 03:00:00,2022-05-08T03:00:00,14.0,0.0
2022-05-08 04:00:00,2022-05-08T04:00:00,13.8,0.0
2022-05-08 05:00:00,2022-05-08T05:00:00,13.2,0.0
2022-05-08 06:00:00,2022-05-08T06:00:00,12.9,0.0
2022-05-08 07:00:00,2022-05-08T07:00:00,12.5,0.0
2022-05-08 08:00:00,2022-05-08T08:00:00,12.5,0.0
2022-05-08 09:00:00,2022-05-08T09:00:00,12.6,0.0
2022-05-08 10:00:00,2022-05-08T10:00:00,14.4,0.0
2022-05-08 11:00:00,2022-05-08T11:00:00,15.8,0.0
2022-05-08 12:00:00,2022-05-08T12:00:00,17.1,0.0
2022-05-08 13:00:00,2022-05-08T13:00:00,18.2,0.0
2022-05-08 14:00:00,2022-05-08T14:00:00,19.8,0.0
2022-05-08 15:00:00,2022-05-08T15:00:00,21.3,0.0
2022-05-08 16:00:00,2022-05-08T16:00:00,22.1,0.0
2022-05-08 17:00:00,2022-05-08T17:00:00,22.4,0.0
2022-05-08 18:00:00,2022-05-08T18:00:00,22.2,0.0
2022-05-08 19:00:00,2022-05-08T19:00:00,21.6,0.0
2022-05-08 20:00:00,2022-05-08T20:00:00,20.3,0.0
2022-05-08 21:00:00,2022-05-08T21:00:00,18.5,0.0
2022-05-08 22:00:00,2022-05-08T22:00:00,16.3,0.0
2022-05-08 23:00:00,2022-05-08T23:00:00,15.0,0.0
2022-05-09 00:00:00,2022-05-09T00:00:00,14.7,0.0
2022-05-09 01:00:00,2022-05-09T01:00:00,14.9,0.0
2022-05-09 02:00:00,2022-05-09T02:00:00,14.0,0.0
2022-05-09 03:00:00,2022-05-09T03:00:00,12.8,0.0
2022-05-09 04:00:00,2022-05-09T04:00:00,12.4,0.0
2022-05-09 05:00:00,2022-05-09T05:00:00,11.9,0.0
2022-05-09 06:00:00,2022-05-09T06:00:00,11.7,0.0
2022-05-09 07:00:00,2022-05-09T07:00:00,11.8,0.0
2022-05-09 08:00:00,2022-05-09T08:00:00,11.6,0.0
2022-05-09 09:00:00,2022-05-09T09:00:00,11.7,0.0
2022-05-09 10:00:00,2022-05-09T10:00:00,13.5,0.0
2022-05-09 11:00:00,2022-05-09T11:00:00,15.1,0.0
2022-05-09 12:00:00,2022-05-09T12:00:00,16.5,0.0
2022-05-09 13:00:00,2022-05-09T13:00:00,17.8,0.0
2022-05-09 14:00:00,2022-05-09T14:00:00,18.8,0.0
2022-05-09 15:00:00,2022-05-09T15:00:00,20.4,0.0
2022-05-09 16:00:00,2022-05-09T16:00:00,20.9,0.0
2022-05-09 17:00:00,2022-05-09T17:00:00,20.9,0.0
2022-05-09 18:00:00,2022-05-09T18:00:00,20.7,0.0
2022-05-09 19:00:00,2022-05-09T19:00:00,20.3,0.0
2022-05-09 20:00:00,2022-05-09T20:00:00,19.0,0.0
2022-05-09 21:00:00,2022-05-09T21:00:00,16.6,0.0
2022-05-09 22:00:00,2022-05-09T22:00:00,14.3,0.0
2022-05-09 23:00:00,2022-05-09T23:00:00,13.1,0.0
2022-05-10 00:00:00,2022-05-10T00:00:00,12.2,0.0
2022-05-10 01:00:00,2022-05-10T01:00:00,12.7,0.0
2022-05-10 02:00:00,2022-05-10T02:00:00,12.1,0.0
2022-05-10 03:00:00,2022-05-10T03:00:00,11.2,0.0
2022-05-10 04:00:00,2022-05-10T04:00:00,10.8,0.0
2022-05-10 05:00:00,2022-05-10T05:00:00,10.1,0.0
2022-05-10 06:00:00,2022-05-10T06:00:00,10.0,0.0
2022-05-10 07:00:00,2022-05-10T07:00:00,9.9,0.0
2022-05-10 08:00:00,2022-05-10T08:00:00,9.7,0.0
2022-05-10 09:00:00,2022-05-10T09:00:00,9.3,0.0
2022-05-10 10:00:00,2022-05-10T10:00:00,10.9,0.0
2022-05-10 11:00:00,2022-05-10T11:00:00,13.8,0.0
2022-05-10 12:00:00,2022-05-10T12:00:00,15.9,0.0
2022-05-10 13:00:00,2022-05-10T13:00:00,17.4,0.0
2022-05-10 14:00:00,2022-05-10T14:00:00,18.8,0.0
2022-05-10 15:00:00,2022-05-10T15:00:00,20.7,0.0
2022-05-10 16:00:00,2022-05-10T16:00:00,21.2,0.0
2022-05-10 17:00:00,2022-05-10T17:00:00,21.7,0.0
2022-05-10 18:00:00,2022-05-10T18:00:00,21.6,0.0
2022-05-10 19:00:00,2022-05-10T19:00:00,21.1,0.0
2022-05-10 20:00:00,2022-05-10T20:00:00,19.1,0.0
2022-05-10 21:00:00,2022-05-10T21:00:00,16.8,0.0
2022-05-10 22:00:00,2022-05-10T22:00:00,14.6,0.0
2022-05-10 23:00:00,2022-05-10T23:00:00,14.2,0.0
2022-05-11 00:00:00,2022-05-11T00:00:00,14.3,0.0
2022-05-11 01:00:00,2022-05-11T01:00:00,13.8,0.0
2022-05-11 02:00:00,2022-05-11T02:00:00,13.5,0.0
2022-05-11 03:00:00,2022-05-11T03:00:00,12.7,0.0
2022-05-11 04:00:00,2022-05-11T04:00:00,11.4,0.0
2022-05-11 05:00:00,2022-05-11T05:00:00,10.3,0.0
2022-05-11 06:00:00,2022-05-11T06:00:00,10.0,0.0
2022-05-11 07:00:00,2022-05-11T07:00:00,9.7,0.0
2022-05-11 08:00:00,2022-05-11T08:00:00,9.4,0.0
2022-05-11 09:00:00,2022-05-11T09:00:00,9.5,0.0
2022-05-11 10:00:00,2022-05-11T10:00:00,12.2,0.0
2022-05-11 11:00:00,2022-05-11T11:00:00,15.1,0.0
2022-05-11 12:00:00,2022-05-11T12:00:00,17.1,0.0
2022-05-11 13:00:00,2022-05-11T13:00:00,18.6,0.0
2022-05-11 14:00:00,2022-05-11T14:00:00,20.0,0.0
2022-05-11 15:00:00,2022-05-11T15:00:00,22.3,0.0
2022-05-11 16:00:00,2022-05-11T16:00:00,23.0,0.0
2022-05-11 17:00:00,2022-05-11T17:00:00,23.3,0.0
2022-05-11 18:00:00,2022-05-11T18:00:00,23.3,0.0
2022-05-11 19:00:00,2022-05-11T19:00:00,22.8,0.0
2022-05-11 20:00:00,2022-05-11T20:00:00,20.9,0.0
2022-05-11 21:00:00,2022-05-11T21:00:00,18.6,0.0
2022-05-11 22:00:00,2022-05-11T22:00:00,16.9,0.0
2022-05-11 23:00:00,2022-05-11T23:00:00,16.7,0.0
2022-05-12 00:00:00,2022-05-12T00:00:00,15.8,0.0
2022-05-12 01:00:00,2022-05-12T01:00:00,15.4,0.0
2022-05-12 02:00:00,2022-05-12T02:00:00,15.5,0.0
2022-05-12 03:00:00,2022-05-12T03:00:00,14.4,0.0
2022-05-12 04:00:00,2022-05-12T04:00:00,14.4,0.0
2022-05-12 05:00:00,2022-05-12T05:00:00,14.3,0.0
2022-05-12 06:00:00,2022-05-12T06:00:00,14.1,0.0
2022-05-12 07:00:00,2022-05-12T07:00:00,14.7,0.0
2022-05-12 08:00:00,2022-05-12T08:00:00,14.9,0.0
2022-05-12 09:00:00,2022-05-12T09:00:00,15.0,0.0
2022-05-12 10:00:00,2022-05-12T10:00:00,16.1,0.0
2022-05-12 11:00:00,2022-05-12T11:00:00,17.5,0.0
2022-05-12 12:00:00,2022-05-12T12:00:00,18.8,0.0
2022-05-12 13:00:00,2022-05-12T13:00:00,19.6,0.1
2022-05-12 14:00:00,2022-05-12T14:00:00,20.8,0.1
2022-05-12 15:00:00,2022-05-12T15:00:00,22.3,0.1
2022-05-12 16:00:00,2022-05-12T16:00:00,22.9,0.1
2022-05-12 17:00:00,2022-05-12T17:00:00,23.1,0.0
2022-05-12 18:00:00,2022-05-12T18:00:00,23.2,0.0
2022-05-12 19:00:00,2022-05-12T19:00:00,22.6,0.0
2022-05-12 20:00:00,2022-05-12T20:00:00,21.3,0.0
2022-05-12 21:00:00,2022-05-12T21:00:00,18.7,0.0
2022-05-12 22:00:00,2022-05-12T22:00:00,17.3,0.0
2022-05-12 23:00:00,2022-05-12T23:00:00,17.1,0.0
2022-05-13 00:00:00,2022-05-13T00:00:00,17.4,0.0
2022-05-13 01:00:00,2022-05-13T01:00:00,15.8,0.0
2022-05-13 02:00:00,2022-05-13T02:00:00,15.2,0.0
2022-05-13 03:00:00,2022-05-13T03:00:00,14.7,0.0
2022-05-13 04:00:00,2022-05-13T04:00:00,14.3,0.0
2022-05-13 05:00:00,2022-05-13T05:00:00,14.0,0.0
2022-05-13 06:00:00,2022-05-13T06:00:00,13.5,0.0
2022-05-13 07:00:00,2022-05-13T07:00:00,13.4,0.0
2022-05-13 08:00:00,2022-05-13T08:00:00,13.7,0.0
2022-05-13 09:00:00,2022-05-13T09:00:00,13.6,0.0
2022-05-13 10:00:00,2022-05-13T10:00:00,15.0,0.0
2022-05-13 11:00:00,2022-05-13T11:00:00,16.4,0.0
2022-05-13 12:00:00,2022-05-13T12:00:00,17.6,0.0
2022-05-13 13:00:00,2022-05-13T13:00:00,19.0,0.0
2022-05-13 14:00:00,2022-05-13T14:00:00,20.3,0.1
2022-05-13 15:00:00,2022-05-13T15:00:00,22.1,0.0
2022-05-13 16:00:00,2022-05-13T16:00:00,22.8,0.1
2022-05-13 17:00:00,2022-05-13T17:00:00,23.1,0.0
2022-05-13 18:00:00,2022-05-13T18:00:00,23.2,0.0
2022-05-13 19:00:00,2022-05-13T19:00:00,22.6,0.0
2022-05-13 20:00:00,2022-05-13T20:00:00,21.2,0.0
2022-05-13 21:00:00,2022-05-13T21:00:00,19.4,0.0
2022-05-13 22:00:00,2022-05-13T22:00:00,17.0,0.0
2022-05-13 23:00:00,2022-05-13T23:00:00,16.1,0.0
2022-05-14 00:00:00,2022-05-14T00:00:00,15.5,0.0
2022-05-14 01:00:00,2022-05-14T01:00:00,15.0,0.0
2022-05-14 02:00:00,2022-05-14T02:00:00,14.7,0.0
2022-05-14 03:00:00,2022-05-14T03:00:00,14.0,0.0
2022-05-14 04:00:00,2022-05-14T04:00:00,13.9,0.0
2022-05-14 05:00:00,2022-05-14T05:00:00,14.0,0.0
2022-05-14 06:00:00,2022-05-14T06:00:00,13.8,0.0
2022-05-14 07:00:00,2022-05-14T07:00:00,13.9,0.0
2022-05-14 08:00:00,2022-05-14T08:00:00,13.6,0.0
2022-05-14 09:00:00,2022-05-14T09:00:00,13.6,0.0
2022-05-14 10:00:00,2022-05-14T10:00:00,15.2,0.0
2022-05-14 11:00:00,2022-05-14T11:00:00,16.4,0.0
2022-05-14 12:00:00,2022-05-14T12:00:00,17.8,0.0
2022-05-14 13:00:00,2022-05-14T13:00:00,18.9,0.1
2022-05-14 14:00:00,2022-05-14T14:00:00,20.0,0.0
2022-05-14 15:00:00,2022-05-14T15:00:00,22.1,0.0
2022-05-14 16:00:00,2022-05-14T16:00:00,22.8,0.0
2022-05-14 17:00:00,2022-05-14T17:00:00,23.1,0.0
2022-05-14 18:00:00,2022-05-14T18:00:00,23.1,0.0
2022-05-14 19:00:00,2022-05-14T19:00:00,22.5,0.0
2022-05-14 20:00:00,2022-05-14T20:00:00,21.1,0.0
2022-05-14 21:00:00,2022-05-14T21:00:00,18.5,0.0
2022-05-14 22:00:00,2022-05-14T22:00:00,16.7,0.0
2022-05-14 23:00:00,2022-05-14T23:00:00,15.9,0.0
2022-05-15 00:00:00,2022-05-15T00:00:00,15.2,0.0
2022-05-15 01:00:00,2022-05-15T01:00:00,14.5,0.0
2022-05-15 02:00:00,2022-05-15T02:00:00,14.2,0.0
2022-05-15 03:00:00,2022-05-15T03:00:00,13.5,0.0
2022-05-15 04:00:00,2022-05-15T04:00:00,13.3,0.0
2022-05-15 05:00:00,2022-05-15T05:00:00,12.9,0.0
2022-05-15 06:00:00,2022-05-15T06:00:00,12.5,0.0
2022-05-15 07:00:00,2022-05-15T07:00:00,12.4,0.0
2022-05-15 08:00:00,2022-05-15T08:00:00,12.6,0.0
2022-05-15 09:00:00,2022-05-15T09:00:00,13.0,0.0
2022-05-15 10:00:00,2022-05-15T10:00:00,14.5,0.0
2022-05-15 11:00:00,2022-05-15T11:00:00,15.8,0.0
2022-05-15 12:00:00,2022-05-15T12:00:00,17.1,0.0
2022-05-15 13:00:00,2022-05-15T13:00:00,18.2,0.0
2022-05-15 14:00:00,2022-05-15T14:00:00,18.6,0.0
2022-05-15 15:00:00,2022-05-15T15:00:00,19.0,0.0
2022-05-15 16:00:00,2022-05-15T16:00:00,18.7,0.1
2022-05-15 17:00:00,2022-05-15T17:00:00,18.7,0.1
2022-05-15 18:00:00,2022-05-15T18:00:00,17.9,0.7
2022-05-15 19:00:00,2022-05-15T19:00:00,17.6,0.1
2022-05-15 20:00:00,2022-05-15T20:00:00,17.1,0.0
2022-05-15 21:00:00,2022-05-15T21:00:00,15.9,0.0
2022-05-15 22:00:00,2022-05-15T22:00:00,15.2,0.0
2022-05-15 23:00:00,2022-05-15T23:00:00,15.2,0.0
2022-05-16 00:00:00,2022-05-16T00:00:00,15.4,0.1
2022-05-16 01:00:00,2022-05-16T01:00:00,15.6,0.2
2022-05-16 02:00:00,2022-05-16T02:00:00,15.1,0.0
2022-05-16 03:00:00,2022-05-16T03:00:00,14.8,0.0
2022-05-16 04:00:00,2022-05-16T04:00:00,14.6,0.0
2022-05-16 05:00:00,2022-05-16T05:00:00,14.7,0.0
2022-05-16 06:00:00,2022-05-16T06:00:00,14.7,0.0
2022-05-16 07:00:00,2022-05-16T07:00:00,14.7,0.0
2022-05-16 08:00:00,2022-05-16T08:00:00,14.7,0.0
2022-05-16 09:00:00,2022-05-16T09:00:00,15.3,0.0
2022-05-16 10:00:00,2022-05-16T10:00:00,15.7,0.0
2022-05-16 11:00:00,2022-05-16T11:00:00,15.9,0.0
2022-05-16 12:00:00,2022-05-16T12:00:00,16.1,0.1
2022-05-16 13:00:00,2022-05-16T13:00:00,16.6,0.1
2022-05-16 14:00:00,2022-05-16T14:00:00,17.4,0.2
2022-05-16 15:00:00,2022-05-16T15:00:00,19.7,0.1
2022-05-16 16:00:00,2022-05-16T16:00:00,20.9,0.2
2022-05-16 17:00:00,2022-05-16T17:00:00,21.1,0.3
2022-05-16 18:00:00,2022-05-16T18:00:00,20.7,0.3
2022-05-16 19:00:00,2022-05-16T19:00:00,20.9,0.2
2022-05-16 20:00:00,2022-05-16T20:00:00,20.2,0.0
2022-05-16 21:00:00,2022-05-16T21:00:00,18.1,0.0
2022-05-16 22:00:00,2022-05-16T22:00:00,16.5,0.0
2022-05-16 23:00:00,2022-05-16T23:00:00,16.1,0.0
2022-05-17 00:00:00,2022-05-17T00:00:00,15.6,0.0
2022-05-17 01:00:00,2022-05-17T01:00:00,15.3,0.0
2022-05-17 02:00:00,2022-05-17T02:00:00,15.0,0.0
2022-05-17 03:00:00,2022-05-17T03:00:00,14.9,0.1
2022-05-17 04:00:00,2022-05-17T04:00:00,14.6,0.2
2022-05-17 05:00:00,2022-05-17T05:00:00,14.4,0.0
2022-05-17 06:00:00,2022-05-17T06:00:00,13.9,0.0
2022-05-17 07:00:00,2022-05-17T07:00:00,13.9,0.0
2022-05-17 08:00:00,2022-05-17T08:00:00,13.3,0.0
2022-05-17 09:00:00,2022-05-17T09:00:00,13.7,0.1
2022-05-17 10:00:00,2022-05-17T10:00:00,14.6,0.0
2022-05-17 11:00:00,2022-05-17T11:00:00,14.9,0.0
2022-05-17 12:00:00,2022-05-17T12:00:00,15.6,0.0
2022-05-17 13:00:00,2022-05-17T13:00:00,16.2,0.0
2022-05-17 14:00:00,2022-05-17T14:00:00,16.9,0.0
2022-05-17 15:00:00,2022-05-17T15:00:00,18.3,0.0
2022-05-17 16:00:00,2022-05-17T16:00:00,18.9,0.0
2022-05-17 17:00:00,2022-05-17T17:00:00,19.3,0.0
2022-05-17 18:00:00,2022-05-17T18:00:00,19.5,0.0
2022-05-17 19:00:00,2022-05-17T19:00:00,19.0,0.0
2022-05-17 20:00:00,2022-05-17T20:00:00,18.1,0.0
2022-05-17 21:00:00,2022-05-17T21:00:00,16.2,0.0
2022-05-17 22:00:00,2022-05-17T22:00:00,14.7,0.0
2022-05-17 23:00:00,2022-05-17T23:00:00,13.8,0.0
2022-05-18 00:00:00,2022-05-18T00:00:00,13.0,0.0
2022-05-18 01:00:00,2022-05-18T01:00:00,12.6,0.0
2022-05-18 02:00:00,2022-05-18T02:00:00,12.0,0.0
2022-05-18 03:00:00,2022-05-18T03:00:00,10.8,0.0
2022-05-18 04:00:00,2022-05-18T04:00:00,9.9,0.0
2022-05-18 05:00:00,2022-05-18T05:00:00,8.8,0.0
2022-05-18 06:00:00,2022-05-18T06:00:00,8.3,0.0
2022-05-18 07:00:00,2022-05-18T07:00:00,7.6,0.0
2022-05-18 08:00:00,2022-05-18T08:00:00,7.0,0.0
2022-05-18 09:00:00,2022-05-18T09:00:00,6.5,0.0
2022-05-18 10:00:00,2022-05-18T10:00:00,7.1,0.0
2022-05-18 11:00:00,2022-05-18T11:00:00,8.1,0.0
2022-05-18 12:00:00,2022-05-18T12:00:00,9.2,0.0
2022-05-18 13:00:00,2022-05-18T13:00:00,10.2,0.0
2022-05-18 14:00:00,2022-05-18T14:00:00,11.4,0.0
2022-05-18 15:00:00,2022-05-18T15:00:00,13.2,0.0
2022-05-18 16:00:00,2022-05-18T16:00:00,13.8,0.0
2022-05-18 17:00:00,2022-05-18T17:00:00,14.3,0.0
2022-05-18 18:00:00,2022-05-18T18:00:00,14.4,0.0
2022-05-18 19:00:00,2022-05-18T19:00:00,13.7,0.0
2022-05-18 20:00:00,2022-05-18T20:00:00,12.2,0.0
2022-05-18 21:00:00,2022-05-18T21:00:00,9.9,0.0
2022-05-18 22:00:00,2022-05-18T22:00:00,8.1,0.0
2022-05-18 23:00:00,2022-05-18T23:00:00,7.9,0.0
2022-05-19 00:00:00,2022-05-19T00:00:00,7.8,0.0
2022-05-19 01:00:00,2022-05-19T01:00:00,7.8,0.0
2022-05-19 02:00:00,2022-05-19T02:00:00,7.3,0.0
2022-05-19 03:00:00,2022-05-19T03:00:00,6.5,0.0
2022-05-19 04:00:00,2022-05-19T04:00:00,5.9,0.0
2022-05-19 05:00:00,2022-05-19T05:00:00,5.3,0.0
2022-05-19 06:00:00,2022-05-19T06:00:00,4.9,0.0
2022-05-19 07:00:00,2022-05-19T07:00:00,4.2,0.0
2022-05-19 08:00:00,2022-05-19T08:00:00,3.9,0.0
2022-05-19 09:00:00,2022-05-19T09:00:00,3.7,0.0
2022-05-19 10:00:00,2022-05-19T10:00:00,5.3,0.0
2022-05-19 11:00:00,2022-05-19T11:00:00,6.8,0.0
2022-05-19 12:00:00,2022-05-19T12:00:00,8.2,0.0
2022-05-19 13:00:00,2022-05-19T13:00:00,9.7,0.0
2022-05-19 14:00:00,2022-05-19T14:00:00,11.3,0.0
2022-05-19 15:00:00,2022-05-19T15:00:00,13.9,0.0
2022-05-19 16:00:00,2022-05-19T16:00:00,14.9,0.0
2022-05-19 17:00:00,2022-05-19T17:00:00,15.4,0.0
2022-05-19 18:00:00,2022-05-19T18:00:00,15.6,0.0
2022-05-19 19:00:00,2022-05-19T19:00:00,15.1,0.0
2022-05-19 20:00:00,2022-05-19T20:00:00,13.8,0.0
2022-05-19 21:00:00,2022-05-19T21:00:00,11.7,0.0
2022-05-19 22:00:00,2022-05-19T22:00:00,9.9,0.0
2022-05-19 23:00:00,2022-05-19T23:00:00,9.4,0.0
2022-05-20 00:00:00,2022-05-20T00:00:00,8.8,0.0
2022-05-20 01:00:00,2022-05-20T01:00:00,7.8,0.0
2022-05-20 02:00:00,2022-05-20T02:00:00,6.7,0.0
2022-05-20 03:00:00,2022-05-20T03:00:00,5.9,0.0
2022-05-20 04:00:00,2022-05-20T04:00:00,5.3,0.0
2022-05-20 05:00:00,2022-05-20T05:00:00,5.0,0.0
2022-05-20 06:00:00,2022-05-20T06:00:00,4.6,0.0
2022-05-20 07:00:00,2022-05-20T07:00:00,4.2,0.0
2022-05-20 08:00:00,2022-05-20T08:00:00,3.7,0.0
2022-05-20 09:00:00,2022-05-20T09:00:00,3.6,0.0
2022-05-20 10:00:00,2022-05-20T10:00:00,6.3,0.0
2022-05-20 11:00:00,2022-05-20T11:00:00,9.6,0.0
2022-05-20 12:00:00,2022-05-20T12:00:00,12.0,0.0
2022-05-20 13:00:00,2022-05-20T13:00:00,13.8,0.0
2022-05-20 14:00:00,2022-05-20T14:00:00,15.0,0.0
2022-05-20 15:00:00,2022-05-20T15:00:00,17.3,0.0
2022-05-20 16:00:00,2022-05-20T16:00:00,17.8,0.0
2022-05-20 17:00:00,2022-05-20T17:00:00,18.3,0.0
2022-05-20 18:00:00,2022-05-20T18:00:00,18.4,0.0
2022-05-20 19:00:00,2022-05-20T19:00:00,17.8,0.0
2022-05-20 20:00:00,2022-05-20T20:00:00,15.8,0.0
2022-05-20 21:00:00,2022-05-20T21:00:00,12.6,0.0
2022-05-20 22:00:00,2022-05-20T22:00:00,10.0,0.0
2022-05-20 23:00:00,2022-05-20T23:00:00,9.0,0.0
2022-05-21 00:00:00,2022-05-21T00:00:00,8.8,0.0
2022-05-21 01:00:00,2022-05-21T01:00:00,9.9,0.0
2022-05-21 02:00:00,2022-05-21T02:00:00,9.4,0.0
2022-05-21 03:00:00,2022-05-21T03:00:00,8.6,0.0
2022-05-21 04:00:00,2022-05-21T04:00:00,8.2,0.0
2022-05-21 05:00:00,2022-05-21T05:00:00,7.4,0.0
2022-05-21 06:00:00,2022-05-21T06:00:00,7.1,0.0
2022-05-21 07:00:00,2022-05-21T07:00:00,6.7,0.0
2022-05-21 08:00:00,2022-05-21T08:00:00,6.5,0.0
2022-05-21 09:00:00,2022-05-21T09:00:00,6.5,0.0
2022-05-21 10:00:00,2022-05-21T10:00:00,8.3,0.0
2022-05-21 11:00:00,2022-05-21T11:00:00,10.5,0.0
2022-05-21 12:00:00,2022-05-21T12:00:00,13.1,0.0
2022-05-21 13:00:00,2022-05-21T13:00:00,14.7,0.0
2022-05-21 14:00:00,2022-05-21T14:00:00,16.6,0.0
2022-05-21 15:00:00,2022-05-21T15:00:00,18.7,0.0
2022-05-21 16:00:00,2022-05-21T16:00:00,19.3,0.0
2022-05-21 17:00:00,2022-05-21T17:00:00,19.4,0.0
2022-05-21 18:00:00,2022-05-21T18:00:00,19.5,0.0
2022-05-21 19:00:00,2022-05-21T19:00:00,18.7,0.0
2022-05-21 20:00:00,2022-05-21T20:00:00,16.8,0.0
2022-05-21 21:00:00,2022-05-21T21:00:00,13.8,0.0
2022-05-21 22:00:00,2022-05-21T22:00:00,11.7,0.0
2022-05-21 23:00:00,2022-05-21T23:00:00,10.7,0.0
2022-05-22 00:00:00,2022-05-22T00:00:00,10.0,0.0
2022-05-22 01:00:00,2022-05-22T01:00:00,10.2,0.0
2022-05-22 02:00:00,2022-05-22T02:00:00,10.2,0.0
2022-05-22 03:00:00,2022-05-22T03:00:00,9.6,0.0
2022-05-22 04:00:00,2022-05-22T04:00:00,9.5,0.0
2022-05-22 05:00:00,2022-05-22T05:00:00,9.0,0.0
2022-05-22 06:00:00,2022-05-22T06:00:00,8.5,0.0
2022-05-22 07:00:00,2022-05-22T07:00:00,8.2,0.0
2022-05-22 08:00:00,2022-05-22T08:00:00,7.4,0.0
2022-05-22 09:00:00,2022-05-22T09:00:00,6.4,0.0
2022-05-22 10:00:00,2022-05-22T10:00:00,8.4,0.0
2022-05-22 11:00:00,2022-05-22T11:00:00,11.2,0.0
2022-05-22 12:00:00,2022-05-22T12:00:00,13.9,0.0
2022-05-22 13:00:00,2022-05-22T13:00:00,16.1,0.0
2022-05-22 14:00:00,2022-05-22T14:00:00,17.5,0.0
2022-05-22 15:00:00,2022-05-22T15:00:00,19.6,0.0
2022-05-22 16:00:00,2022-05-22T16:00:00,19.9,0.0
2022-05-22 17:00:00,2022-05-22T17:00:00,20.4,0.0
2022-05-22 18:00:00,2022-05-22T18:00:00,20.2,0.0
2022-05-22 19:00:00,2022-05-22T19:00:00,19.6,0.0
2022-05-22 20:00:00,2022-05-22T20:00:00,18.0,0.0
2022-05-22 21:00:00,2022-05-22T21:00:00,14.6,0.0
2022-05-22 22:00:00,2022-05-22T22:00:00,12.7,0.0
2022-05-22 23:00:00,2022-05-22T23:00:00,11.9,0.0
2022-05-23 00:00:00,2022-05-23T00:00:00,11.3,0.0
2022-05-23 01:00:00,2022-05-23T01:00:00,10.5,0.0
2022-05-23 02:00:00,2022-05-23T02:00:00,10.3,0.0
2022-05-23 03:00:00,2022-05-23T03:00:00,10.3,0.0
2022-05-23 04:00:00,2022-05-23T04:00:00,9.9,0.0
2022-05-23 05:00:00,2022-05-23T05:00:00,9.3,0.0
2022-05-23 06:00:00,2022-05-23T06:00:00,8.2,0.0
2022-05-23 07:00:00,2022-05-23T07:00:00,7.7,0.0
2022-05-23 08:00:00,2022-05-23T08:00:00,7.5,0.0
2022-05-23 09:00:00,2022-05-23T09:00:00,7.5,0.0
2022-05-23 10:00:00,2022-05-23T10:00:00,10.1,0.0
2022-05-23 11:00:00,2022-05-23T11:00:00,12.2,0.0
2022-05-23 12:00:00,2022-05-23T12:00:00,13.6,0.0
2022-05-23 13:00:00,2022-05-23T13:00:00,15.6,0.0
2022-05-23 14:00:00,2022-05-23T14:00:00,17.3,0.0
2022-05-23 15:00:00,2022-05-23T15:00:00,19.8,0.0
2022-05-23 16:00:00,2022-05-23T16:00:00,20.1,0.0
2022-05-23 17:00:00,2022-05-23T17:00:00,20.6,0.0
2022-05-23 18:00:00,2022-05-23T18:00:00,20.3,0.0
2022-05-23 19:00:00,2022-05-23T19:00:00,19.7,0.0
2022-05-23 20:00:00,2022-05-23T20:00:00,18.6,0.0
2022-05-23 21:00:00,2022-05-23T21:00:00,15.3,0.0
2022-05-23 22:00:00,2022-05-23T22:00:00,13.1,0.0
2022-05-23 23:00:00,2022-05-23T23:00:00,11.8,0.0
2022-05-24 00:00:00,2022-05-24T00:00:00,11.1,0.0
2022-05-24 01:00:00,2022-05-24T01:00:00,10.6,0.0
2022-05-24 02:00:00,2022-05-24T02:00:00,10.7,0.0
2022-05-24 03:00:00,2022-05-24T03:00:00,10.2,0.0
2022-05-24 04:00:00,2022-05-24T04:00:00,9.5,0.0
2022-05-24 05:00:00,2022-05-24T05:00:00,9.4,0.0
2022-05-24 06:00:00,2022-05-24T06:00:00,9.3,0.0
2022-05-24 07:00:00,2022-05-24T07:00:00,9.1,0.0
2022-05-24 08:00:00,2022-05-24T08:00:00,9.1,0.0
2022-05-24 09:00:00,2022-05-24T09:00:00,9.1,0.0
2022-05-24 10:00:00,2022-05-24T10:00:00,11.0,0.0
2022-05-24 11:00:00,2022-05-24T11:00:00,13.3,0.0
2022-05-24 12:00:00,2022-05-24T12:00:00,15.1,0.0
2022-05-24 13:00:00,2022-05-24T13:00:00,16.8,0.0
2022-05-24 14:00:00,2022-05-24T14:00:00,18.0,0.0
2022-05-24 15:00:00,2022-05-24T15:00:00,19.6,0.0
2022-05-24 16:00:00,2022-05-24T16:00:00,20.3,0.0
2022-05-24 17:00:00,2022-05-24T17:00:00,20.5,0.0
2022-05-24 18:00:00,2022-05-24T18:00:00,20.3,0.0
2022-05-24 19:00:00,2022-05-24T19:00:00,19.1,0.0
2022-05-24 20:00:00,2022-05-24T20:00:00,18.0,0.0
2022-05-24 21:00:00,2022-05-24T21:00:00,15.5,0.0
2022-05-24 22:00:00,2022-05-24T22:00:00,13.3,0.0
2022-05-24 23:00:00,2022-05-24T23:00:00,11.8,0.0
2022-05-25 00:00:00,2022-05-25T00:00:00,11.4,0.0
2022-05-25 01:00:00,2022-05-25T01:00:00,11.3,0.0
2022-05-25 02:00:00,2022-05-25T02:00:00,11.3,0.0
2022-05-25 03:00:00,2022-05-25T03:00:00,10.3,0.0
2022-05-25 04:00:00,2022-05-25T04:00:00,9.9,0.0
2022-05-25 05:00:00,2022-05-25T05:00:00,9.3,0.0
2022-05-25 06:00:00,2022-05-25T06:00:00,9.2,0.0
2022-05-25 07:00:00,2022-05-25T07:00:00,9.3,0.0
2022-05-25 08:00:00,2022-05-25T08:00:00,9.9,0.0
2022-05-25 09:00:00,2022-05-25T09:00:00,9.9,0.0
2022-05-25 10:00:00,2022-05-25T10:00:00,11.6,0.0
2022-05-25 11:00:00,2022-05-25T11:00:00,13.3,0.0
2022-05-25 12:00:00,2022-05-25T12:00:00,14.9,0.0
2022-05-25 13:00:00,2022-05-25T13:00:00,15.7,0.1
2022-05-25 14:00:00,2022-05-25T14:00:00,16.1,0.1
2022-05-25 15:00:00,2022-05-25T15:00:00,17.7,0.1
2022-05-25 16:00:00,2022-05-25T16:00:00,18.5,0.0
2022-05-25 17:00:00,2022-05-25T17:00:00,18.3,0.0
2022-05-25 18:00:00,2022-05-25T18:00:00,18.5,0.0
2022-05-25 19:00:00,2022-05-25T19:00:00,17.9,0.0
2022-05-25 20:00:00,2022-05-25T20:00:00,17.2,0.0
2022-05-25 21:00:00,2022-05-25T21:00:00,15.4,0.0
2022-05-25 22:00:00,2022-05-25T22:00:00,13.8,0.0
2022-05-25 23:00:00,2022-05-25T23:00:00,13.0,0.0
2022-05-26 00:00:00,2022-05-26T00:00:00,12.8,0.0
2022-05-26 01:00:00,2022-05-26T01:00:00,13.0,0.0
2022-05-26 02:00:00,2022-05-26T02:00:00,13.0,0.0
2022-05-26 03:00:00,2022-05-26T03:00:00,12.7,0.0
2022-05-26 04:00:00,2022-05-26T04:00:00,12.2,0.0
2022-05-26 05:00:00,2022-05-26T05:00:00,12.4,0.0
2022-05-26 06:00:00,2022-05-26T06:00:00,11.8,0.0
2022-05-26 07:00:00,2022-05-26T07:00:00,11.8,0.0
2022-05-26 08:00:00,2022-05-26T08:00:00,12.0,0.0
2022-05-26 09:00:00,2022-05-26T09:00:00,12.2,0.0
2022-05-26 10:00:00,2022-05-26T10:00:00,13.1,0.0
2022-05-26 11:00:00,2022-05-26T11:00:00,14.3,0.0
2022-05-26 12:00:00,2022-05-26T12:00:00,16.4,0.0
2022-05-26 13:00:00,2022-05-26T13:00:00,17.4,0.0
2022-05-26 14:00:00,2022-05-26T14:00:00,18.8,0.0
2022-05-26 15:00:00,2022-05-26T15:00:00,20.4,0.0
2022-05-26 16:00:00,2022-05-26T16:00:00,20.6,0.0
2022-05-26 17:00:00,2022-05-26T17:00:00,20.8,0.0
2022-05-26 18:00:00,2022-05-26T18:00:00,20.8,0.0
2022-05-26 19:00:00,2022-05-26T19:00:00,19.8,0.0
2022-05-26 20:00:00,2022-05-26T20:00:00,18.4,0.0
2022-05-26 21:00:00,2022-05-26T21:00:00,16.2,0.0
2022-05-26 22:00:00,2022-05-26T22:00:00,14.2,0.0
2022-05-26 23:00:00,2022-05-26T23:00:00,12.8,0.0
2022-05-27 00:00:00,2022-05-27T00:00:00,12.4,0.0
2022-05-27 01:00:00,2022-05-27T01:00:00,12.4,0.0
2022-05-27 02:00:00,2022-05-27T02:00:00,11.3,0.0
2022-05-27 03:00:00,2022-05-27T03:00:00,10.7,0.0
2022-05-27 04:00:00,2022-05-27T04:00:00,10.3,0.0
2022-05-27 05:00:00,2022-05-27T05:00:00,10.4,0.0
2022-05-27 06:00:00,2022-05-27T06:00:00,10.2,0.0
2022-05-27 07:00:00,2022-05-27T07:00:00,10.0,0.0
2022-05-27 08:00:00,2022-05-27T08:00:00,10.2,0.0
2022-05-27 09:00:00,2022-05-27T09:00:00,10.7,0.0
2022-05-27 10:00:00,2022-05-27T10:00:00,12.5,0.0
2022-05-27 11:00:00,2022-05-27T11:00:00,14.1,0.0
2022-05-27 12:00:00,2022-05-27T12:00:00,16.1,0.0
2022-05-27 13:00:00,2022-05-27T13:00:00,17.2,0.0
2022-05-27 14:00:00,2022-05-27T14:00:00,18.1,0.0
2022-05-27 15:00:00,2022-05-27T15:00:00,20.0,0.0
2022-05-27 16:00:00,2022-05-27T16:00:00,20.6,0.0
2022-05-27 17:00:00,2022-05-27T17:00:00,20.9,0.0
2022-05-27 18:00:00,2022-05-27T18:00:00,20.5,0.0
2022-05-27 19:00:00,2022-05-27T19:00:00,19.8,0.0
2022-05-27 20:00:00,2022-05-27T20:00:00,18.4,0.0
2022-05-27 21:00:00,2022-05-27T21:00:00,15.6,0.0
2022-05-27 22:00:00,2022-05-27T22:00:00,13.3,0.0
2022-05-27 23:00:00,2022-05-27T23:00:00,12.2,0.0
2022-05-28 00:00:00,2022-05-28T00:00:00,11.5,0.0
2022-05-28 01:00:00,2022-05-28T01:00:00,11.1,0.0
2022-05-28 02:00:00,2022-05-28T02:00:00,10.6,0.0
2022-05-28 03:00:00,2022-05-28T03:00:00,9.8,0.0
2022-05-28 04:00:00,2022-05-28T04:00:00,9.3,0.0
2022-05-28 05:00:00,2022-05-28T05:00:00,9.1,0.0
2022-05-28 06:00:00,2022-05-28T06:00:00,8.9,0.0
2022-05-28 07:00:00,2022-05-28T07:00:00,8.5,0.0
2022-05-28 08:00:00,2022-05-28T08:00:00,8.5,0.0
2022-05-28 09:00:00,2022-05-28T09:00:00,8.4,0.0
2022-05-28 10:00:00,2022-05-28T10:00:00,10.1,0.0
2022-05-28 11:00:00,2022-05-28T11:00:00,12.7,0.0
2022-05-28 12:00:00,2022-05-28T12:00:00,14.8,0.0
2022-05-28 13:00:00,2022-05-28T13:00:00,17.0,0.0
2022-05-28 14:00:00,2022-05-28T14:00:00,18.2,0.0
2022-05-28 15:00:00,2022-05-28T15:00:00,20.4,0.0
2022-05-28 16:00:00,2022-05-28T16:00:00,20.8,0.0
2022-05-28 17:00:00,2022-05-28T17:00:00,21.1,0.0
2022-05-28 18:00:00,2022-05-28T18:00:00,21.0,0.0
2022-05-28 19:00:00,2022-05-28T19:00:00,20.2,0.0
2022-05-28 20:00:00,2022-05-28T20:00:00,18.6,0.0
2022-05-28 21:00:00,2022-05-28T21:00:00,15.4,0.0
2022-05-28 22:00:00,2022-05-28T22:00:00,13.9,0.0
2022-05-28 23:00:00,2022-05-28T23:00:00,13.2,0.0
2022-05-29 00:00:00,2022-05-29T00:00:00,12.6,0.0
2022-05-29 01:00:00,2022-05-29T01:00:00,12.4,0.0
2022-05-29 02:00:00,2022-05-29T02:00:00,12.2,0.0
2022-05-29 03:00:00,2022-05-29T03:00:00,11.6,0.0
2022-05-29 04:00:00,2022-05-29T04:00:00,11.4,0.0
2022-05-29 05:00:00,2022-05-29T05:00:00,10.8,0.0
2022-05-29 06:00:00,2022-05-29T06:00:00,10.3,0.0
2022-05-29 07:00:00,2022-05-29T07:00:00,10.3,0.0
2022-05-29 08:00:00,2022-05-29T08:00:00,10.1,0.0
2022-05-29 09:00:00,2022-05-29T09:00:00,10.4,0.0
2022-05-29 10:00:00,2022-05-29T10:00:00,12.1,0.0
2022-05-29 11:00:00,2022-05-29T11:00:00,14.9,0.0
2022-05-29 12:00:00,2022-05-29T12:00:00,17.0,0.0
2022-05-29 13:00:00,2022-05-29T13:00:00,18.7,0.0
2022-05-29 14:00:00,2022-05-29T14:00:00,20.0,0.0
2022-05-29 15:00:00,2022-05-29T15:00:00,22.2,0.0
2022-05-29 16:00:00,2022-05-29T16:00:00,22.8,0.0
2022-05-29 17:00:00,2022-05-29T17:00:00,22.9,0.0
2022-05-29 18:00:00,2022-05-29T18:00:00,22.7,0.0
2022-05-29 19:00:00,2022-05-29T19:00:00,22.1,0.0
2022-05-29 20:00:00,2022-05-29T20:00:00,20.6,0.0
2022-05-29 21:00:00,2022-05-29T21:00:00,16.9,0.0
2022-05-29 22:00:00,2022-05-29T22:00:00,16.1,0.0
2022-05-29 23:00:00,2022-05-29T23:00:00,15.6,0.0
2022-05-30 00:00:00,2022-05-30T00:00:00,14.1,0.0
2022-05-30 01:00:00,2022-05-30T01:00:00,13.9,0.0
2022-05-30 02:00:00,2022-05-30T02:00:00,13.6,0.0
2022-05-30 03:00:00,2022-05-30T03:00:00,12.8,0.0
2022-05-30 04:00:00,2022-05-30T04:00:00,12.4,0.0
2022-05-30 05:00:00,2022-05-30T05:00:00,12.0,0.0
2022-05-30 06:00:00,2022-05-30T06:00:00,11.6,0.0
2022-05-30 07:00:00,2022-05-30T07:00:00,11.5,0.0
2022-05-30 08:00:00,2022-05-30T08:00:00,11.4,0.0
2022-05-30 09:00:00,2022-05-30T09:00:00,11.3,0.0
2022-05-30 10:00:00,2022-05-30T10:00:00,13.3,0.0
2022-05-30 11:00:00,2022-05-30T11:00:00,16.0,0.0
2022-05-30 12:00:00,2022-05-30T12:00:00,18.0,0.0
2022-05-30 13:00:00,2022-05-30T13:00:00,19.2,0.0
2022-05-30 14:00:00,2022-05-30T14:00:00,21.1,0.0
2022-05-30 15:00:00,2022-05-30T15:00:00,23.4,0.0
2022-05-30 16:00:00,2022-05-30T16:00:00,24.2,0.0
2022-05-30 17:00:00,2022-05-30T17:00:00,24.6,0.0
2022-05-30 18:00:00,2022-05-30T18:00:00,24.6,0.0
2022-05-30 19:00:00,2022-05-30T19:00:00,23.9,0.0
2022-05-30 20:00:00,2022-05-30T20:00:00,23.7,0.0
2022-05-30 21:00:00,2022-05-30T21:00:00,23.0,0.0
2022-05-30 22:00:00,2022-05-30T22:00:00,16.4,0.0
2022-05-30 23:00:00,2022-05-30T23:00:00,15.8,0.0
2022-05-31 00:00:00,2022-05-31T00:00:00,15.9,0.0
2022-05-31 01:00:00,2022-05-31T01:00:00,16.0,0.0
2022-05-31 02:00:00,2022-05-31T02:00:00,16.1,0.0
2022-05-31 03:00:00,2022-05-31T03:00:00,15.4,0.0
2022-05-31 04:00:00,2022-05-31T04:00:00,15.1,0.0
2022-05-31 05:00:00,2022-05-31T05:00:00,13.8,0.0
2022-05-31 06:00:00,2022-05-31T06:00:00,13.1,0.0
2022-05-31 07:00:00,2022-05-31T07:00:00,13.3,0.0
2022-05-31 08:00:00,2022-05-31T08:00:00,12.7,0.0
2022-05-31 09:00:00,2022-05-31T09:00:00,12.7,0.0
2022-05-31 10:00:00,2022-05-31T10:00:00,15.3,0.0
2022-05-31 11:00:00,2022-05-31T11:00:00,16.7,0.0
2022-05-31 12:00:00,2022-05-31T12:00:00,19.1,0.0
2022-05-31 13:00:00,2022-05-31T13:00:00,20.9,0.0
2022-05-31 14:00:00,2022-05-31T14:00:00,22.8,0.0
2022-05-31 15:00:00,2022-05-31T15:00:00,24.6,0.0
2022-05-31 16:00:00,2022-05-31T16:00:00,25.2,0.0
2022-05-31 17:00:00,2022-05-31T17:00:00,25.4,0.0
2022-05-31 18:00:00,2022-05-31T18:00:00,25.3,0.0
2022-05-31 19:00:00,2022-05-31T19:00:00,24.8,0.0
2022-05-31 20:00:00,2022-05-31T20:00:00,22.6,0.0
2022-05-31 21:00:00,2022-05-31T21:00:00,20.1,0.0
2022-05-31 22:00:00,2022-05-31T22:00:00,17.8,0.0
2022-05-31 23:00:00,2022-05-31T23:00:00,17.7,0.0
2022-06-01 00:00:00,2022-06-01T00:00:00,17.4,0.0
2022-06-01 01:00:00,2022-06-01T01:00:00,17.5,0.0
2022-06-01 02:00:00,2022-06-01T02:00:00,17.0,0.0
2022-06-01 03:00:00,2022-06-01T03:00:00,16.5,0.0
2022-06-01 04:00:00,2022-06-01T04:00:00,15.2,0.0
2022-06-01 05:00:00,2022-06-01T05:00:00,14.7,0.0
2022-06-01 06:00:00,2022-06-01T06:00:00,14.7,0.0
2022-06-01 07:00:00,2022-06-01T07:00:00,14.4,0.0
2022-06-01 08:00:00,2022-06-01T08:00:00,13.8,0.0
2022-06-01 09:00:00,2022-06-01T09:00:00,14.1,0.0
2022-06-01 10:00:00,2022-06-01T10:00:00,15.9,0.0
2022-06-01 11:00:00,2022-06-01T11:00:00,17.2,0.0
2022-06-01 12:00:00,2022-06-01T12:00:00,18.8,0.0
2022-06-01 13:00:00,2022-06-01T13:00:00,20.5,0.0
2022-06-01 14:00:00,2022-06-01T14:00:00,21.5,0.0
2022-06-01 15:00:00,2022-06-01T15:00:00,23.0,0.0
2022-06-01 16:00:00,2022-06-01T16:00:00,23.5,0.0
2022-06-01 17:00:00,2022-06-01T17:00:00,23.4,0.0
2022-06-01 18:00:00,2022-06-01T18:00:00,23.1,0.0
2022-06-01 19:00:00,2022-06-01T19:00:00,22.3,0.0
2022-06-01 20:00:00,2022-06-01T20:00:00,21.1,0.0
2022-06-01 21:00:00,2022-06-01T21:00:00,18.6,0.0
2022-06-01 22:00:00,2022-06-01T22:00:00,16.9,0.0
2022-06-01 23:00:00,2022-06-01T23:00:00,16.0,0.0
2022-06-02 00:00:00,2022-06-02T00:00:00,15.3,0.0
2022-06-02 01:00:00,2022-06-02T01:00:00,14.9,0.0
2022-06-02 02:00:00,2022-06-02T02:00:00,14.6,0.0
2022-06-02 03:00:00,2022-06-02T03:00:00,14.1,0.0
2022-06-02 04:00:00,2022-06-02T04:00:00,13.7,0.0
2022-06-02 05:00:00,2022-06-02T05:00:00,13.3,0.0
2022-06-02 06:00:00,2022-06-02T06:00:00,12.9,0.0
2022-06-02 07:00:00,2022-06-02T07:00:00,12.8,0.0
2022-06-02 08:00:00,2022-06-02T08:00:00,12.5,0.0
2022-06-02 09:00:00,2022-06-02T09:00:00,12.4,0.0
2022-06-02 10:00:00,2022-06-02T10:00:00,13.9,0.0
2022-06-02 11:00:00,2022-06-02T11:00:00,16.5,0.0
2022-06-02 12:00:00,2022-06-02T12:00:00,19.1,0.0
2022-06-02 13:00:00,2022-06-02T13:00:00,20.6,0.0
2022-06-02 14:00:00,2022-06-02T14:00:00,22.0,0.0
2022-06-02 15:00:00,2022-06-02T15:00:00,24.0,0.0
2022-06-02 16:00:00,2022-06-02T16:00:00,24.6,0.0
2022-06-02 17:00:00,2022-06-02T17:00:00,25.1,0.0
2022-06-02 18:00:00,2022-06-02T18:00:00,24.9,0.0
2022-06-02 19:00:00,2022-06-02T19:00:00,24.0,0.0
2022-06-02 20:00:00,2022-06-02T20:00:00,22.2,0.0
2022-06-02 21:00:00,2022-06-02T21:00:00,18.4,0.0
2022-06-02 22:00:00,2022-06-02T22:00:00,17.2,0.0
2022-06-02 23:00:00,2022-06-02T23:00:00,16.6,0.0
2022-06-03 00:00:00,2022-06-03T00:00:00,16.4,0.0
2022-06-03 01:00:00,2022-06-03T01:00:00,16.4,0.0
2022-06-03 02:00:00,2022-06-03T02:00:00,15.9,0.0
2022-06-03 03:00:00,2022-06-03T03:00:00,14.6,0.0
2022-06-03 04:00:00,2022-06-03T04:00:00,13.7,0.0
2022-06-03 05:00:00,2022-06-03T05:00:00,13.7,0.0
2022-06-03 06:00:00,2022-06-03T06:00:00,13.9,0.0
2022-06-03 07:00:00,2022-06-03T07:00:00,14.2,0.0
2022-06-03 08:00:00,2022-06-03T08:00:00,13.9,0.0
2022-06-03 09:00:00,2022-06-03T09:00:00,12.4,0.0
2022-06-03 10:00:00,2022-06-03T10:00:00,13.9,0.0
2022-06-03 11:00:00,2022-06-03T11:00:00,17.0,0.0
2022-06-03 12:00:00,2022-06-03T12:00:00,19.6,0.0
2022-06-03 13:00:00,2022-06-03T13:00:00,21.4,0.0
2022-06-03 14:00:00,2022-06-03T14:00:00,23.1,0.0
2022-06-03 15:00:00,2022-06-03T15:00:00,25.0,0.0
2022-06-03 16:00:00,2022-06-03T16:00:00,25.4,0.0
2022-06-03 17:00:00,2022-06-03T17:00:00,25.4,0.0
2022-06-03 18:00:00,2022-06-03T18:00:00,25.1,0.0
2022-06-03 19:00:00,2022-06-03T19:00:00,24.5,0.0
2022-06-03 20:00:00,2022-06-03T20:00:00,23.0,0.0
2022-06-03 21:00:00,2022-06-03T21:00:00,20.1,0.0
2022-06-03 22:00:00,2022-06-03T22:00:00,18.6,0.0
2022-06-03 23:00:00,2022-06-03T23:00:00,17.7,0.0
2022-06-04 00:00:00,2022-06-04T00:00:00,17.3,0.0
2022-06-04 01:00:00,2022-06-04T01:00:00,16.4,0.0
2022-06-04 02:00:00,2022-06-04T02:00:00,15.8,0.0
2022-06-04 03:00:00,2022-06-04T03:00:00,14.9,0.0
2022-06-04 04:00:00,2022-06-04T04:00:00,14.6,0.0
2022-06-04 05:00:00,2022-06-04T05:00:00,14.1,0.0
2022-06-04 06:00:00,2022-06-04T06:00:00,13.9,0.0
2022-06-04 07:00:00,2022-06-04T07:00:00,13.8,0.0
2022-06-04 08:00:00,2022-06-04T08:00:00,12.7,0.0
2022-06-04 09:00:00,2022-06-04T09:00:00,12.4,0.0
2022-06-04 10:00:00,2022-06-04T10:00:00,15.0,0.0
2022-06-04 11:00:00,2022-06-04T11:00:00,15.6,0.0
2022-06-04 12:00:00,2022-06-04T12:00:00,15.7,0.0
2022-06-04 13:00:00,2022-06-04T13:00:00,16.8,0.0
2022-06-04 14:00:00,2022-06-04T14:00:00,18.1,0.0
2022-06-04 15:00:00,2022-06-04T15:00:00,19.5,0.0
2022-06-04 16:00:00,2022-06-04T16:00:00,20.4,0.0
2022-06-04 17:00:00,2022-06-04T17:00:00,20.7,0.0
2022-06-04 18:00:00,2022-06-04T18:00:00,20.5,0.0
2022-06-04 19:00:00,2022-06-04T19:00:00,20.0,0.0
2022-06-04 20:00:00,2022-06-04T20:00:00,18.4,0.0
2022-06-04 21:00:00,2022-06-04T21:00:00,16.0,0.0
2022-06-04 22:00:00,2022-06-04T22:00:00,14.3,0.0
2022-06-04 23:00:00,2022-06-04T23:00:00,13.3,0.0
2022-06-05 00:00:00,2022-06-05T00:00:00,12.0,0.0
2022-06-05 01:00:00,2022-06-05T01:00:00,11.5,0.0
2022-06-05 02:00:00,2022-06-05T02:00:00,11.2,0.0
2022-06-05 03:00:00,2022-06-05T03:00:00,10.7,0.0
2022-06-05 04:00:00,2022-06-05T04:00:00,10.5,0.0
2022-06-05 05:00:00,2022-06-05T05:00:00,10.8,0.0
2022-06-05 06:00:00,2022-06-05T06:00:00,10.7,0.0
2022-06-05 07:00:00,2022-06-05T07:00:00,10.3,0.0
2022-06-05 08:00:00,2022-06-05T08:00:00,9.9,0.0
2022-06-05 09:00:00,2022-06-05T09:00:00,9.8,0.0
2022-06-05 10:00:00,2022-06-05T10:00:00,11.0,0.0
2022-06-05 11:00:00,2022-06-05T11:00:00,12.6,0.0
2022-06-05 12:00:00,2022-06-05T12:00:00,14.2,0.0
2022-06-05 13:00:00,2022-06-05T13:00:00,15.9,0.0
2022-06-05 14:00:00,2022-06-05T14:00:00,17.5,0.0
2022-06-05 15:00:00,2022-06-05T15:00:00,19.5,0.0
2022-06-05 16:00:00,2022-06-05T16:00:00,20.4,0.0
2022-06-05 17:00:00,2022-06-05T17:00:00,20.9,0.0
2022-06-05 18:00:00,2022-06-05T18:00:00,20.9,0.0
2022-06-05 19:00:00,2022-06-05T19:00:00,19.9,0.0
2022-06-05 20:00:00,2022-06-05T20:00:00,18.1,0.0
2022-06-05 21:00:00,2022-06-05T21:00:00,14.7,0.0
2022-06-05 22:00:00,2022-06-05T22:00:00,12.6,0.0
2022-06-05 23:00:00,2022-06-05T23:00:00,11.6,0.0
2022-06-06 00:00:00,2022-06-06T00:00:00,11.2,0.0
2022-06-06 01:00:00,2022-06-06T01:00:00,11.3,0.0
2022-06-06 02:00:00,2022-06-06T02:00:00,10.7,0.0
2022-06-06 03:00:00,2022-06-06T03:00:00,9.8,0.0
2022-06-06 04:00:00,2022-06-06T04:00:00,8.8,0.0
2022-06-06 05:00:00,2022-06-06T05:00:00,8.1,0.0
2022-06-06 06:00:00,2022-06-06T06:00:00,7.5,0.0
2022-06-06 07:00:00,2022-06-06T07:00:00,7.1,0.0
2022-06-06 08:00:00,2022-06-06T08:00:00,6.8,0.0
2022-06-06 09:00:00,2022-06-06T09:00:00,6.9,0.0
2022-06-06 10:00:00,2022-06-06T10:00:00,9.6,0.0
2022-06-06 11:00:00,2022-06-06T11:00:00,11.7,0.0
2022-06-06 12:00:00,2022-06-06T12:00:00,13.9,0.0
2022-06-06 13:00:00,2022-06-06T13:00:00,15.6,0.0
2022-06-06 14:00:00,2022-06-06T14:00:00,17.2,0.0
2022-06-06 15:00:00,2022-06-06T15:00:00,19.6,0.0
2022-06-06 16:00:00,2022-06-06T16:00:00,20.2,0.0
2022-06-06 17:00:00,2022-06-06T17:00:00,20.8,0.0
2022-06-06 18:00:00,2022-06-06T18:00:00,20.9,0.0
2022-06-06 19:00:00,2022-06-06T19:00:00,20.3,0.0
2022-06-06 20:00:00,2022-06-06T20:00:00,17.7,0.0
2022-06-06 21:00:00,2022-06-06T21:00:00,15.3,0.0
2022-06-06 22:00:00,2022-06-06T22:00:00,13.6,0.0
2022-06-06 23:00:00,2022-06-06T23:00:00,12.3,0.0
2022-06-07 00:00:00,2022-06-07T00:00:00,11.4,0.0
2022-06-07 01:00:00,2022-06-07T01:00:00,10.9,0.0
2022-06-07 02:00:00,2022-06-07T02:00:00,10.4,0.0
2022-06-07 03:00:00,2022-06-07T03:00:00,9.8,0.0
2022-06-07 04:00:00,2022-06-07T04:00:00,9.3,0.0
2022-06-07 05:00:00,2022-06-07T05:00:00,9.0,0.0
2022-06-07 06:00:00,2022-06-07T06:00:00,8.5,0.0
2022-06-07 07:00:00,2022-06-07T07:00:00,8.4,0.0
2022-06-07 08:00:00,2022-06-07T08:00:00,8.2,0.0
2022-06-07 09:00:00,2022-06-07T09:00:00,8.0,0.0
2022-06-07 10:00:00,2022-06-07T10:00:00,10.0,0.0
2022-06-07 11:00:00,2022-06-07T11:00:00,13.6,0.0
2022-06-07 12:00:00,2022-06-07T12:00:00,16.0,0.0
2022-06-07 13:00:00,2022-06-07T13:00:00,18.0,0.0
2022-06-07 14:00:00,2022-06-07T14:00:00,19.6,0.0
2022-06-07 15:00:00,2022-06-07T15:00:00,21.8,0.0
2022-06-07 16:00:00,2022-06-07T16:00:00,22.6,0.0
2022-06-07 17:00:00,2022-06-07T17:00:00,23.1,0.0
2022-06-07 18:00:00,2022-06-07T18:00:00,23.1,0.0
2022-06-07 19:00:00,2022-06-07T19:00:00,22.6,0.0
2022-06-07 20:00:00,2022-06-07T20:00:00,21.8,0.0
2022-06-07 21:00:00,2022-06-07T21:00:00,18.0,0.0
2022-06-07 22:00:00,2022-06-07T22:00:00,15.8,0.0
2022-06-07 23:00:00,2022-06-07T23:00:00,14.6,0.0
2022-06-08 00:00:00,2022-06-08T00:00:00,14.2,0.0
2022-06-08 01:00:00,2022-06-08T01:00:00,14.0,0.0
2022-06-08 02:00:00,2022-06-08T02:00:00,13.6,0.0
2022-06-08 03:00:00,2022-06-08T03:00:00,12.7,0.0
2022-06-08 04:00:00,2022-06-08T04:00:00,12.2,0.0
2022-06-08 05:00:00,2022-06-08T05:00:00,11.7,0.0
2022-06-08 06:00:00,2022-06-08T06:00:00,11.5,0.0
2022-06-08 07:00:00,2022-06-08T07:00:00,11.3,0.0
2022-06-08 08:00:00,2022-06-08T08:00:00,11.2,0.0
2022-06-08 09:00:00,2022-06-08T09:00:00,11.4,0.0
2022-06-08 10:00:00,2022-06-08T10:00:00,12.7,0.0
2022-06-08 11:00:00,2022-06-08T11:00:00,14.9,0.0
2022-06-08 12:00:00,2022-06-08T12:00:00,17.2,0.0
2022-06-08 13:00:00,2022-06-08T13:00:00,19.0,0.0
2022-06-08 14:00:00,2022-06-08T14:00:00,21.0,0.0
2022-06-08 15:00:00,2022-06-08T15:00:00,23.8,0.0
2022-06-08 16:00:00,2022-06-08T16:00:00,24.3,0.0
2022-06-08 17:00:00,2022-06-08T17:00:00,24.3,0.0
2022-06-08 18:00:00,2022-06-08T18:00:00,23.9,0.0
2022-06-08 19:00:00,2022-06-08T19:00:00,22.9,0.0
2022-06-08 20:00:00,2022-06-08T20:00:00,21.8,0.0
2022-06-08 21:00:00,2022-06-08T21:00:00,18.9,0.0
2022-06-08 22:00:00,2022-06-08T22:00:00,17.7,0.0
2022-06-08 23:00:00,2022-06-08T23:00:00,18.3,0.0
2022-06-09 00:00:00,2022-06-09T00:00:00,18.2,0.0
2022-06-09 01:00:00,2022-06-09T01:00:00,17.9,0.0
2022-06-09 02:00:00,2022-06-09T02:00:00,16.6,0.0
2022-06-09 03:00:00,2022-06-09T03:00:00,15.6,0.0
2022-06-09 04:00:00,2022-06-09T04:00:00,15.3,0.0
2022-06-09 05:00:00,2022-06-09T05:00:00,14.5,0.0
2022-06-09 06:00:00,2022-06-09T06:00:00,14.0,0.0
2022-06-09 07:00:00,2022-06-09T07:00:00,14.1,0.0
2022-06-09 08:00:00,2022-06-09T08:00:00,13.6,0.0
2022-06-09 09:00:00,2022-06-09T09:00:00,13.4,0.0
2022-06-09 10:00:00,2022-06-09T10:00:00,14.7,0.0
2022-06-09 11:00:00,2022-06-09T11:00:00,15.9,0.0
2022-06-09 12:00:00,2022-06-09T12:00:00,17.9,0.0
2022-06-09 13:00:00,2022-06-09T13:00:00,19.2,0.0
2022-06-09 14:00:00,2022-06-09T14:00:00,21.0,0.0
2022-06-09 15:00:00,2022-06-09T15:00:00,23.1,0.0
2022-06-09 16:00:00,2022-06-09T16:00:00,23.5,0.0
2022-06-09 17:00:00,2022-06-09T17:00:00,23.8,0.0
2022-06-09 18:00:00,2022-06-09T18:00:00,23.2,0.0
2022-06-09 19:00:00,2022-06-09T19:00:00,22.3,0.0
2022-06-09 20:00:00,2022-06-09T20:00:00,21.1,0.0
2022-06-09 21:00:00,2022-06-09T21:00:00,20.0,0.0
2022-06-09 22:00:00,2022-06-09T22:00:00,17.7,0.0
2022-06-09 23:00:00,2022-06-09T23:00:00,17.5,0.0
2022-06-10 00:00:00,2022-06-10T00:00:00,17.0,0.0
2022-06-10 01:00:00,2022-06-10T01:00:00,16.7,0.0
2022-06-10 02:00:00,2022-06-10T02:00:00,16.1,0.0
2022-06-10 03:00:00,2022-06-10T03:00:00,15.4,0.0
2022-06-10 04:00:00,2022-06-10T04:00:00,14.7,0.0
2022-06-10 05:00:00,2022-06-10T05:00:00,14.2,0.0
2022-06-10 06:00:00,2022-06-10T06:00:00,13.5,0.0
2022-06-10 07:00:00,2022-06-10T07:00:00,13.3,0.0
2022-06-10 08:00:00,2022-06-10T08:00:00,13.3,0.0
2022-06-10 09:00:00,2022-06-10T09:00:00,13.4,0.0
2022-06-10 10:00:00,2022-06-10T10:00:00,14.7,0.0
2022-06-10 11:00:00,2022-06-10T11:00:00,16.2,0.0
2022-06-10 12:00:00,2022-06-10T12:00:00,17.7,0.0
2022-06-10 13:00:00,2022-06-10T13:00:00,19.7,0.0
2022-06-10 14:00:00,2022-06-10T14:00:00,21.3,0.0
2022-06-10 15:00:00,2022-06-10T15:00:00,23.4,0.0
2022-06-10 16:00:00,2022-06-10T16:00:00,23.9,0.0
2022-06-10 17:00:00,2022-06-10T17:00:00,24.1,0.0
2022-06-10 18:00:00,2022-06-10T18:00:00,23.7,0.0
2022-06-10 19:00:00,2022-06-10T19:00:00,22.7,0.0
2022-06-10 20:00:00,2022-06-10T20:00:00,21.8,0.0
2022-06-10 21:00:00,2022-06-10T21:00:00,18.9,0.0
2022-06-10 22:00:00,2022-06-10T22:00:00,17.4,0.0
2022-06-10 23:00:00,2022-06-10T23:00:00,17.1,0.0
2022-06-11 00:00:00,2022-06-11T00:00:00,16.3,0.0
2022-06-11 01:00:00,2022-06-11T01:00:00,15.8,0.0
2022-06-11 02:00:00,2022-06-11T02:00:00,16.2,0.0
2022-06-11 03:00:00,2022-06-11T03:00:00,15.5,0.0
2022-06-11 04:00:00,2022-06-11T04:00:00,14.9,0.0
2022-06-11 05:00:00,2022-06-11T05:00:00,14.6,0.0
2022-06-11 06:00:00,2022-06-11T06:00:00,14.4,0.0
2022-06-11 07:00:00,2022-06-11T07:00:00,13.9,0.0
2022-06-11 08:00:00,2022-06-11T08:00:00,14.1,0.0
2022-06-11 09:00:00,2022-06-11T09:00:00,13.9,0.0
2022-06-11 10:00:00,2022-06-11T10:00:00,14.9,0.0
2022-06-11 11:00:00,2022-06-11T11:00:00,15.9,0.0
2022-06-11 12:00:00,2022-06-11T12:00:00,16.6,0.0
2022-06-11 13:00:00,2022-06-11T13:00:00,17.9,0.0
2022-06-11 14:00:00,2022-06-11T14:00:00,19.3,0.1
2022-06-11 15:00:00,2022-06-11T15:00:00,20.7,0.2
2022-06-11 16:00:00,2022-06-11T16:00:00,21.3,0.2
2022-06-11 17:00:00,2022-06-11T17:00:00,20.3,1.2
2022-06-11 18:00:00,2022-06-11T18:00:00,19.7,1.4
2022-06-11 19:00:00,2022-06-11T19:00:00,19.4,0.3
2022-06-11 20:00:00,2022-06-11T20:00:00,18.5,0.1
2022-06-11 21:00:00,2022-06-11T21:00:00,16.8,0.1
2022-06-11 22:00:00,2022-06-11T22:00:00,16.2,0.1
2022-06-11 23:00:00,2022-06-11T23:00:00,15.9,0.1
2022-06-12 00:00:00,2022-06-12T00:00:00,15.5,0.0
2022-06-12 01:00:00,2022-06-12T01:00:00,14.6,0.0
2022-06-12 02:00:00,2022-06-12T02:00:00,14.2,0.0
2022-06-12 03:00:00,2022-06-12T03:00:00,13.7,0.0
2022-06-12 04:00:00,2022-06-12T04:00:00,13.4,0.0
2022-06-12 05:00:00,2022-06-12T05:00:00,13.3,0.0
2022-06-12 06:00:00,2022-06-12T06:00:00,13.9,0.1
2022-06-12 07:00:00,2022-06-12T07:00:00,14.2,0.0
2022-06-12 08:00:00,2022-06-12T08:00:00,14.3,0.0
2022-06-12 09:00:00,2022-06-12T09:00:00,14.4,0.0
2022-06-12 10:00:00,2022-06-12T10:00:00,14.4,0.0
2022-06-12 11:00:00,2022-06-12T11:00:00,16.0,0.0
2022-06-12 12:00:00,2022-06-12T12:00:00,17.2,0.0
2022-06-12 13:00:00,2022-06-12T13:00:00,18.2,0.0
2022-06-12 14:00:00,2022-06-12T14:00:00,19.0,0.0
2022-06-12 15:00:00,2022-06-12T15:00:00,20.3,0.0
2022-06-12 16:00:00,2022-06-12T16:00:00,20.5,0.1
2022-06-12 17:00:00,2022-06-12T17:00:00,20.6,0.0
2022-06-12 18:00:00,2022-06-12T18:00:00,20.4,0.0
2022-06-12 19:00:00,2022-06-12T19:00:00,19.7,0.0
2022-06-12 20:00:00,2022-06-12T20:00:00,18.5,0.0
2022-06-12 21:00:00,2022-06-12T21:00:00,17.0,0.0
2022-06-12 22:00:00,2022-06-12T22:00:00,15.5,0.0
2022-06-12 23:00:00,2022-06-12T23:00:00,14.8,0.0
2022-06-13 00:00:00,2022-06-13T00:00:00,14.3,0.0
2022-06-13 01:00:00,2022-06-13T01:00:00,13.6,0.0
2022-06-13 02:00:00,2022-06-13T02:00:00,12.7,0.0
2022-06-13 03:00:00,2022-06-13T03:00:00,11.5,0.0
2022-06-13 04:00:00,2022-06-13T04:00:00,10.6,0.0
2022-06-13 05:00:00,2022-06-13T05:00:00,10.0,0.0
2022-06-13 06:00:00,2022-06-13T06:00:00,9.9,0.0
2022-06-13 07:00:00,2022-06-13T07:00:00,10.4,0.0
2022-06-13 08:00:00,2022-06-13T08:00:00,9.8,0.0
2022-06-13 09:00:00,2022-06-13T09:00:00,9.2,0.0
2022-06-13 10:00:00,2022-06-13T10:00:00,10.3,0.0
2022-06-13 11:00:00,2022-06-13T11:00:00,11.8,0.0
2022-06-13 12:00:00,2022-06-13T12:00:00,13.5,0.0
2022-06-13 13:00:00,2022-06-13T13:00:00,15.3,0.0
2022-06-13 14:00:00,2022-06-13T14:00:00,17.0,0.0
2022-06-13 15:00:00,2022-06-13T15:00:00,19.3,0.0
2022-06-13 16:00:00,2022-06-13T16:00:00,20.1,0.0
2022-06-13 17:00:00,2022-06-13T17:00:00,20.6,0.0
2022-06-13 18:00:00,2022-06-13T18:00:00,20.4,0.0
2022-06-13 19:00:00,2022-06-13T19:00:00,19.7,0.0
2022-06-13 20:00:00,2022-06-13T20:00:00,17.4,0.0
2022-06-13 21:00:00,2022-06-13T21:00:00,14.3,0.0
2022-06-13 22:00:00,2022-06-13T22:00:00,12.1,0.0
2022-06-13 23:00:00,2022-06-13T23:00:00,10.6,0.0
2022-06-14 00:00:00,2022-06-14T00:00:00,9.7,0.0
2022-06-14 01:00:00,2022-06-14T01:00:00,9.3,0.0
2022-06-14 02:00:00,2022-06-14T02:00:00,8.9,0.0
2022-06-14 03:00:00,2022-06-14T03:00:00,8.0,0.0
2022-06-14 04:00:00,2022-06-14T04:00:00,7.5,0.0
2022-06-14 05:00:00,2022-06-14T05:00:00,6.8,0.0
2022-06-14 06:00:00,2022-06-14T06:00:00,6.8,0.0
2022-06-14 07:00:00,2022-06-14T07:00:00,6.9,0.0
2022-06-14 08:00:00,2022-06-14T08:00:00,6.7,0.0
2022-06-14 09:00:00,2022-06-14T09:00:00,6.6,0.0
2022-06-14 10:00:00,2022-06-14T10:00:00,8.1,0.0
2022-06-14 11:00:00,2022-06-14T11:00:00,10.1,0.0
2022-06-14 12:00:00,2022-06-14T12:00:00,12.7,0.0
2022-06-14 13:00:00,2022-06-14T13:00:00,14.7,0.0
2022-06-14 14:00:00,2022-06-14T14:00:00,16.5,0.0
2022-06-14 15:00:00,2022-06-14T15:00:00,18.8,0.0
2022-06-14 16:00:00,2022-06-14T16:00:00,19.6,0.0
2022-06-14 17:00:00,2022-06-14T17:00:00,19.9,0.0
2022-06-14 18:00:00,2022-06-14T18:00:00,19.8,0.0
2022-06-14 19:00:00,2022-06-14T19:00:00,19.1,0.0
2022-06-14 20:00:00,2022-06-14T20:00:00,17.1,0.0
2022-06-14 21:00:00,2022-06-14T21:00:00,13.5,0.0
2022-06-14 22:00:00,2022-06-14T22:00:00,11.4,0.0
2022-06-14 23:00:00,2022-06-14T23:00:00,10.4,0.0
2022-06-15 00:00:00,2022-06-15T00:00:00,10.2,0.0
2022-06-15 01:00:00,2022-06-15T01:00:00,10.4,0.0
2022-06-15 02:00:00,2022-06-15T02:00:00,10.1,0.0
2022-06-15 03:00:00,2022-06-15T03:00:00,9.3,0.0
2022-06-15 04:00:00,2022-06-15T04:00:00,9.1,0.0
2022-06-15 05:00:00,2022-06-15T05:00:00,8.6,0.0
2022-06-15 06:00:00,2022-06-15T06:00:00,8.1,0.0
2022-06-15 07:00:00,2022-06-15T07:00:00,8.0,0.0
2022-06-15 08:00:00,2022-06-15T08:00:00,8.0,0.0
2022-06-15 09:00:00,2022-06-15T09:00:00,7.9,0.0
2022-06-15 10:00:00,2022-06-15T10:00:00,9.2,0.0
2022-06-15 11:00:00,2022-06-15T11:00:00,10.6,0.0
2022-06-15 12:00:00,2022-06-15T12:00:00,12.6,0.0
2022-06-15 13:00:00,2022-06-15T13:00:00,14.2,0.0
2022-06-15 14:00:00,2022-06-15T14:00:00,15.8,0.0
2022-06-15 15:00:00,2022-06-15T15:00:00,17.6,0.0
2022-06-15 16:00:00,2022-06-15T16:00:00,18.5,0.0
2022-06-15 17:00:00,2022-06-15T17:00:00,18.7,0.0
2022-06-15 18:00:00,2022-06-15T18:00:00,18.7,0.0
2022-06-15 19:00:00,2022-06-15T19:00:00,17.9,0.0
2022-06-15 20:00:00,2022-06-15T20:00:00,15.9,0.0
2022-06-15 21:00:00,2022-06-15T21:00:00,13.3,0.0
2022-06-15 22:00:00,2022-06-15T22:00:00,10.6,0.0
2022-06-15 23:00:00,2022-06-15T23:00:00,9.7,0.0
2022-06-16 00:00:00,2022-06-16T00:00:00,9.4,0.0
2022-06-16 01:00:00,2022-06-16T01:00:00,9.0,0.0
2022-06-16 02:00:00,2022-06-16T02:00:00,8.6,0.0
2022-06-16 03:00:00,2022-06-16T03:00:00,7.8,0.0
2022-06-16 04:00:00,2022-06-16T04:00:00,7.2,0.0
2022-06-16 05:00:00,2022-06-16T05:00:00,7.1,0.0
2022-06-16 06:00:00,2022-06-16T06:00:00,7.0,0.0
2022-06-16 07:00:00,2022-06-16T07:00:00,6.7,0.0
2022-06-16 08:00:00,2022-06-16T08:00:00,6.4,0.0
2022-06-16 09:00:00,2022-06-16T09:00:00,6.3,0.0
2022-06-16 10:00:00,2022-06-16T10:00:00,7.8,0.0
2022-06-16 11:00:00,2022-06-16T11:00:00,10.4,0.0
2022-06-16 12:00:00,2022-06-16T12:00:00,12.9,0.0
2022-06-16 13:00:00,2022-06-16T13:00:00,15.2,0.0
2022-06-16 14:00:00,2022-06-16T14:00:00,17.4,0.0
2022-06-16 15:00:00,2022-06-16T15:00:00,20.2,0.0
2022-06-16 16:00:00,2022-06-16T16:00:00,21.2,0.0
2022-06-16 17:00:00,2022-06-16T17:00:00,21.8,0.0
2022-06-16 18:00:00,2022-06-16T18:00:00,21.9,0.0
2022-06-16 19:00:00,2022-06-16T19:00:00,21.2,0.0
2022-06-16 20:00:00,2022-06-16T20:00:00,19.1,0.0
2022-06-16 21:00:00,2022-06-16T21:00:00,15.4,0.0
2022-06-16 22:00:00,2022-06-16T22:00:00,11.7,0.0
2022-06-16 23:00:00,2022-06-16T23:00:00,10.9,0.0
2022-06-17 00:00:00,2022-06-17T00:00:00,10.6,0.0
2022-06-17 01:00:00,2022-06-17T01:00:00,10.4,0.0
2022-06-17 02:00:00,2022-06-17T02:00:00,9.8,0.0
2022-06-17 03:00:00,2022-06-17T03:00:00,8.8,0.0
2022-06-17 04:00:00,2022-06-17T04:00:00,8.1,0.0
2022-06-17 05:00:00,2022-06-17T05:00:00,7.8,0.0
2022-06-17 06:00:00,2022-06-17T06:00:00,7.6,0.0
2022-06-17 07:00:00,2022-06-17T07:00:00,7.3,0.0
2022-06-17 08:00:00,2022-06-17T08:00:00,7.0,0.0
2022-06-17 09:00:00,2022-06-17T09:00:00,6.8,0.0
2022-06-17 10:00:00,2022-06-17T10:00:00,8.8,0.0
2022-06-17 11:00:00,2022-06-17T11:00:00,11.7,0.0
2022-06-17 12:00:00,2022-06-17T12:00:00,14.9,0.0
2022-06-17 13:00:00,2022-06-17T13:00:00,16.8,0.0
2022-06-17 14:00:00,2022-06-17T14:00:00,19.0,0.0
2022-06-17 15:00:00,2022-06-17T15:00:00,21.4,0.0
2022-06-17 16:00:00,2022-06-17T16:00:00,22.2,0.0
2022-06-17 17:00:00,2022-06-17T17:00:00,22.8,0.0
2022-06-17 18:00:00,2022-06-17T18:00:00,22.9,0.0
2022-06-17 19:00:00,2022-06-17T19:00:00,22.2,0.0
2022-06-17 20:00:00,2022-06-17T20:00:00,20.1,0.0
2022-06-17 21:00:00,2022-06-17T21:00:00,15.7,0.0
2022-06-17 22:00:00,2022-06-17T22:00:00,13.5,0.0
2022-06-17 23:00:00,2022-06-17T23:00:00,13.6,0.0
2022-06-18 00:00:00,2022-06-18T00:00:00,13.1,0.0
2022-06-18 01:00:00,2022-06-18T01:00:00,12.7,0.0
2022-06-18 02:00:00,2022-06-18T02:00:00,12.4,0.0
2022-06-18 03:00:00,2022-06-18T03:00:00,11.6,0.0
2022-06-18 04:00:00,2022-06-18T04:00:00,11.2,0.0
2022-06-18 05:00:00,2022-06-18T05:00:00,10.9,0.0
2022-06-18 06:00:00,2022-06-18T06:00:00,11.1,0.0
2022-06-18 07:00:00,2022-06-18T07:00:00,10.9,0.0
2022-06-18 08:00:00,2022-06-18T08:00:00,10.9,0.0
2022-06-18 09:00:00,2022-06-18T09:00:00,10.8,0.0
2022-06-18 10:00:00,2022-06-18T10:00:00,12.5,0.0
2022-06-18 11:00:00,2022-06-18T11:00:00,14.1,0.0
2022-06-18 12:00:00,2022-06-18T12:00:00,16.9,0.0
2022-06-18 13:00:00,2022-06-18T13:00:00,19.3,0.0
2022-06-18 14:00:00,2022-06-18T14:00:00,21.0,0.0
2022-06-18 15:00:00,2022-06-18T15:00:00,22.5,0.0
2022-06-18 16:00:00,2022-06-18T16:00:00,22.6,0.0
2022-06-18 17:00:00,2022-06-18T17:00:00,22.7,0.0
2022-06-18 18:00:00,2022-06-18T18:00:00,22.1,0.0
2022-06-18 19:00:00,2022-06-18T19:00:00,21.3,0.0
2022-06-18 20:00:00,2022-06-18T20:00:00,20.1,0.0
2022-06-18 21:00:00,2022-06-18T21:00:00,17.8,0.1
2022-06-18 22:00:00,2022-06-18T22:00:00,16.7,0.0
2022-06-18 23:00:00,2022-06-18T23:00:00,16.1,0.0
2022-06-19 00:00:00,2022-06-19T00:00:00,15.6,0.0
2022-06-19 01:00:00,2022-06-19T01:00:00,14.9,0.0
2022-06-19 02:00:00,2022-06-19T02:00:00,14.1,0.0
2022-06-19 03:00:00,2022-06-19T03:00:00,13.8,0.0
2022-06-19 04:00:00,2022-06-19T04:00:00,13.2,0.0
2022-06-19 05:00:00,2022-06-19T05:00:00,13.0,0.0
2022-06-19 06:00:00,2022-06-19T06:00:00,12.4,0.0
2022-06-19 07:00:00,2022-06-19T07:00:00,12.2,0.0
2022-06-19 08:00:00,2022-06-19T08:00:00,11.8,0.0
2022-06-19 09:00:00,2022-06-19T09:00:00,11.6,0.0
2022-06-19 10:00:00,2022-06-19T10:00:00,12.7,0.1
2022-06-19 11:00:00,2022-06-19T11:00:00,14.2,0.0
2022-06-19 12:00:00,2022-06-19T12:00:00,15.8,0.0
2022-06-19 13:00:00,2022-06-19T13:00:00,17.1,0.0
2022-06-19 14:00:00,2022-06-19T14:00:00,18.6,0.0
2022-06-19 15:00:00,2022-06-19T15:00:00,20.1,0.0
2022-06-19 16:00:00,2022-06-19T16:00:00,20.2,0.1
2022-06-19 17:00:00,2022-06-19T17:00:00,19.7,0.0
2022-06-19 18:00:00,2022-06-19T18:00:00,19.6,0.0
2022-06-19 19:00:00,2022-06-19T19:00:00,19.0,0.0
2022-06-19 20:00:00,2022-06-19T20:00:00,18.1,0.0
2022-06-19 21:00:00,2022-06-19T21:00:00,16.5,0.0
2022-06-19 22:00:00,2022-06-19T22:00:00,14.6,0.0
2022-06-19 23:00:00,2022-06-19T23:00:00,13.5,0.0
2022-06-20 00:00:00,2022-06-20T00:00:00,13.5,0.0
2022-06-20 01:00:00,2022-06-20T01:00:00,13.4,0.0
2022-06-20 02:00:00,2022-06-20T02:00:00,13.0,0.0
2022-06-20 03:00:00,2022-06-20T03:00:00,12.6,0.0
2022-06-20 04:00:00,2022-06-20T04:00:00,12.6,0.0
2022-06-20 05:00:00,2022-06-20T05:00:00,12.3,0.0
2022-06-20 06:00:00,2022-06-20T06:00:00,11.8,0.0
2022-06-20 07:00:00,2022-06-20T07:00:00,11.7,0.0
2022-06-20 08:00:00,2022-06-20T08:00:00,11.7,0.0
2022-06-20 09:00:00,2022-06-20T09:00:00,11.6,0.0
2022-06-20 10:00:00,2022-06-20T10:00:00,13.2,0.0
2022-06-20 11:00:00,2022-06-20T11:00:00,14.5,0.0
2022-06-20 12:00:00,2022-06-20T12:00:00,16.4,0.0
2022-06-20 13:00:00,2022-06-20T13:00:00,17.8,0.0
2022-06-20 14:00:00,2022-06-20T14:00:00,18.7,0.0
2022-06-20 15:00:00,2022-06-20T15:00:00,20.7,0.0
2022-06-20 16:00:00,2022-06-20T16:00:00,21.2,0.0
2022-06-20 17:00:00,2022-06-20T17:00:00,21.3,0.0
2022-06-20 18:00:00,2022-06-20T18:00:00,21.2,0.0
2022-06-20 19:00:00,2022-06-20T19:00:00,20.7,0.0
2022-06-20 20:00:00,2022-06-20T20:00:00,19.1,0.0
2022-06-20 21:00:00,2022-06-20T21:00:00,16.8,0.0
2022-06-20 22:00:00,2022-06-20T22:00:00,15.1,0.0
2022-06-20 23:00:00,2022-06-20T23:00:00,14.6,0.0
2022-06-21 00:00:00,2022-06-21T00:00:00,13.8,0.0
2022-06-21 01:00:00,2022-06-21T01:00:00,12.8,0.0
2022-06-21 02:00:00,2022-06-21T02:00:00,12.2,0.0
2022-06-21 03:00:00,2022-06-21T03:00:00,11.8,0.0
2022-06-21 04:00:00,2022-06-21T04:00:00,11.5,0.0
2022-06-21 05:00:00,2022-06-21T05:00:00,11.0,0.0
2022-06-21 06:00:00,2022-06-21T06:00:00,10.9,0.0
2022-06-21 07:00:00,2022-06-21T07:00:00,10.3,0.0
2022-06-21 08:00:00,2022-06-21T08:00:00,10.2,0.0
2022-06-21 09:00:00,2022-06-21T09:00:00,9.9,0.0
2022-06-21 10:00:00,2022-06-21T10:00:00,11.4,0.0
2022-06-21 11:00:00,2022-06-21T11:00:00,13.3,0.0
2022-06-21 12:00:00,2022-06-21T12:00:00,15.3,0.0
2022-06-21 13:00:00,2022-06-21T13:00:00,16.9,0.0
2022-06-21 14:00:00,2022-06-21T14:00:00,18.3,0.0
2022-06-21 15:00:00,2022-06-21T15:00:00,20.4,0.0
2022-06-21 16:00:00,2022-06-21T16:00:00,21.1,0.0
2022-06-21 17:00:00,2022-06-21T17:00:00,21.6,0.0
2022-06-21 18:00:00,2022-06-21T18:00:00,21.7,0.0
2022-06-21 19:00:00,2022-06-21T19:00:00,20.8,0.0
2022-06-21 20:00:00,2022-06-21T20:00:00,19.3,0.0
2022-06-21 21:00:00,2022-06-21T21:00:00,16.9,0.0
2022-06-21 22:00:00,2022-06-21T22:00:00,14.7,0.0
2022-06-21 23:00:00,2022-06-21T23:00:00,13.5,0.0
2022-06-22 00:00:00,2022-06-22T00:00:00,12.5,0.0
2022-06-22 01:00:00,2022-06-22T01:00:00,11.8,0.0
2022-06-22 02:00:00,2022-06-22T02:00:00,11.5,0.0
2022-06-22 03:00:00,2022-06-22T03:00:00,11.0,0.0
2022-06-22 04:00:00,2022-06-22T04:00:00,10.7,0.0
2022-06-22 05:00:00,2022-06-22T05:00:00,10.3,0.0
2022-06-22 06:00:00,2022-06-22T06:00:00,9.7,0.0
2022-06-22 07:00:00,2022-06-22T07:00:00,9.5,0.0
2022-06-22 08:00:00,2022-06-22T08:00:00,9.1,0.0
2022-06-22 09:00:00,2022-06-22T09:00:00,8.8,0.0
2022-06-22 10:00:00,2022-06-22T10:00:00,10.1,0.0
2022-06-22 11:00:00,2022-06-22T11:00:00,13.3,0.0
2022-06-22 12:00:00,2022-06-22T12:00:00,15.9,0.0
2022-06-22 13:00:00,2022-06-22T13:00:00,17.7,0.0
2022-06-22 14:00:00,2022-06-22T14:00:00,19.7,0.0
2022-06-22 15:00:00,2022-06-22T15:00:00,21.8,0.0
2022-06-22 16:00:00,2022-06-22T16:00:00,22.5,0.0
2022-06-22 17:00:00,2022-06-22T17:00:00,22.9,0.0
2022-06-22 18:00:00,2022-06-22T18:00:00,23.2,0.0
2022-06-22 19:00:00,2022-06-22T19:00:00,22.4,0.0
2022-06-22 20:00:00,2022-06-22T20:00:00,19.7,0.0
2022-06-22 21:00:00,2022-06-22T21:00:00,17.0,0.0
2022-06-22 22:00:00,2022-06-22T22:00:00,15.1,0.0
2022-06-22 23:00:00,2022-06-22T23:00:00,12.8,0.0
2022-06-23 00:00:00,2022-06-23T00:00:00,12.5,0.0
2022-06-23 01:00:00,2022-06-23T01:00:00,12.4,0.0
2022-06-23 02:00:00,2022-06-23T02:00:00,11.7,0.0
2022-06-23 03:00:00,2022-06-23T03:00:00,11.0,0.0
2022-06-23 04:00:00,2022-06-23T04:00:00,10.4,0.0
2022-06-23 05:00:00,2022-06-23T05:00:00,10.0,0.0
2022-06-23 06:00:00,2022-06-23T06:00:00,9.6,0.0
2022-06-23 07:00:00,2022-06-23T07:00:00,9.1,0.0
2022-06-23 08:00:00,2022-06-23T08:00:00,8.7,0.0
2022-06-23 09:00:00,2022-06-23T09:00:00,8.5,0.0
2022-06-23 10:00:00,2022-06-23T10:00:00,10.3,0.0
2022-06-23 11:00:00,2022-06-23T11:00:00,13.4,0.0
2022-06-23 12:00:00,2022-06-23T12:00:00,16.0,0.0
2022-06-23 13:00:00,2022-06-23T13:00:00,18.2,0.0
2022-06-23 14:00:00,2022-06-23T14:00:00,19.6,0.0
2022-06-23 15:00:00,2022-06-23T15:00:00,22.1,0.0
2022-06-23 16:00:00,2022-06-23T16:00:00,22.9,0.0
2022-06-23 17:00:00,2022-06-23T17:00:00,23.4,0.0
2022-06-23 18:00:00,2022-06-23T18:00:00,23.6,0.0
2022-06-23 19:00:00,2022-06-23T19:00:00,22.9,0.0
2022-06-23 20:00:00,2022-06-23T20:00:00,20.4,0.0
2022-06-23 21:00:00,2022-06-23T21:00:00,17.1,0.0
2022-06-23 22:00:00,2022-06-23T22:00:00,14.9,0.0
2022-06-23 23:00:00,2022-06-23T23:00:00,12.8,0.0
2022-06-24 00:00:00,2022-06-24T00:00:00,12.6,0.0
2022-06-24 01:00:00,2022-06-24T01:00:00,12.4,0.0
2022-06-24 02:00:00,2022-06-24T02:00:00,11.7,0.0
2022-06-24 03:00:00,2022-06-24T03:00:00,10.7,0.0
2022-06-24 04:00:00,2022-06-24T04:00:00,10.1,0.0
2022-06-24 05:00:00,2022-06-24T05:00:00,9.5,0.0
2022-06-24 06:00:00,2022-06-24T06:00:00,8.8,0.0
2022-06-24 07:00:00,2022-06-24T07:00:00,8.6,0.0
2022-06-24 08:00:00,2022-06-24T08:00:00,8.2,0.0
2022-06-24 09:00:00,2022-06-24T09:00:00,7.9,0.0
2022-06-24 10:00:00,2022-06-24T10:00:00,9.8,0.0
2022-06-24 11:00:00,2022-06-24T11:00:00,13.3,0.0
2022-06-24 12:00:00,2022-06-24T12:00:00,16.1,0.0
2022-06-24 13:00:00,2022-06-24T13:00:00,18.0,0.0
2022-06-24 14:00:00,2022-06-24T14:00:00,20.0,0.0
2022-06-24 15:00:00,2022-06-24T15:00:00,22.1,0.0
2022-06-24 16:00:00,2022-06-24T16:00:00,22.8,0.0
2022-06-24 17:00:00,2022-06-24T17:00:00,23.4,0.0
2022-06-24 18:00:00,2022-06-24T18:00:00,23.2,0.0
2022-06-24 19:00:00,2022-06-24T19:00:00,22.4,0.0
2022-06-24 20:00:00,2022-06-24T20:00:00,19.8,0.0
2022-06-24 21:00:00,2022-06-24T21:00:00,17.4,0.0
2022-06-24 22:00:00,2022-06-24T22:00:00,14.1,0.0
2022-06-24 23:00:00,2022-06-24T23:00:00,12.8,0.0
2022-06-25 00:00:00,2022-06-25T00:00:00,11.9,0.0
2022-06-25 01:00:00,2022-06-25T01:00:00,11.3,0.0
2022-06-25 02:00:00,2022-06-25T02:00:00,10.8,0.0
2022-06-25 03:00:00,2022-06-25T03:00:00,10.2,0.0
2022-06-25 04:00:00,2022-06-25T04:00:00,9.6,0.0
2022-06-25 05:00:00,2022-06-25T05:00:00,9.2,0.0
2022-06-25 06:00:00,2022-06-25T06:00:00,8.8,0.0
2022-06-25 07:00:00,2022-06-25T07:00:00,8.7,0.0
2022-06-25 08:00:00,2022-06-25T08:00:00,8.6,0.0
2022-06-25 09:00:00,2022-06-25T09:00:00,8.6,0.0
2022-06-25 10:00:00,2022-06-25T10:00:00,10.8,0.0
2022-06-25 11:00:00,2022-06-25T11:00:00,13.8,0.0
2022-06-25 12:00:00,2022-06-25T12:00:00,16.8,0.0
2022-06-25 13:00:00,2022-06-25T13:00:00,19.0,0.0
2022-06-25 14:00:00,2022-06-25T14:00:00,20.6,0.0
2022-06-25 15:00:00,2022-06-25T15:00:00,22.9,0.0
2022-06-25 16:00:00,2022-06-25T16:00:00,23.5,0.0
2022-06-25 17:00:00,2022-06-25T17:00:00,24.1,0.0
2022-06-25 18:00:00,2022-06-25T18:00:00,24.1,0.0
2022-06-25 19:00:00,2022-06-25T19:00:00,23.6,0.0
2022-06-25 20:00:00,2022-06-25T20:00:00,20.7,0.0
2022-06-25 21:00:00,2022-06-25T21:00:00,16.9,0.0
2022-06-25 22:00:00,2022-06-25T22:00:00,15.5,0.0
2022-06-25 23:00:00,2022-06-25T23:00:00,15.8,0.0
2022-06-26 00:00:00,2022-06-26T00:00:00,15.2,0.0
2022-06-26 01:00:00,2022-06-26T01:00:00,14.1,0.0
2022-06-26 02:00:00,2022-06-26T02:00:00,12.8,0.0
2022-06-26 03:00:00,2022-06-26T03:00:00,11.6,0.0
2022-06-26 04:00:00,2022-06-26T04:00:00,10.6,0.0
2022-06-26 05:00:00,2022-06-26T05:00:00,10.8,0.0
2022-06-26 06:00:00,2022-06-26T06:00:00,10.6,0.0
2022-06-26 07:00:00,2022-06-26T07:00:00,10.3,0.0
2022-06-26 08:00:00,2022-06-26T08:00:00,9.9,0.0
2022-06-26 09:00:00,2022-06-26T09:00:00,10.1,0.0
2022-06-26 10:00:00,2022-06-26T10:00:00,12.1,0.0
2022-06-26 11:00:00,2022-06-26T11:00:00,13.5,0.1
2022-06-26 12:00:00,2022-06-26T12:00:00,14.9,0.1
2022-06-26 13:00:00,2022-06-26T13:00:00,16.2,0.1
2022-06-26 14:00:00,2022-06-26T14:00:00,17.5,0.0
2022-06-26 15:00:00,2022-06-26T15:00:00,19.2,0.0
2022-06-26 16:00:00,2022-06-26T16:00:00,19.7,0.0
2022-06-26 17:00:00,2022-06-26T17:00:00,20.1,0.0
2022-06-26 18:00:00,2022-06-26T18:00:00,19.9,0.0
2022-06-26 19:00:00,2022-06-26T19:00:00,19.0,0.0
2022-06-26 20:00:00,2022-06-26T20:00:00,17.9,0.0
2022-06-26 21:00:00,2022-06-26T21:00:00,16.3,0.0
2022-06-26 22:00:00,2022-06-26T22:00:00,14.8,0.0
2022-06-26 23:00:00,2022-06-26T23:00:00,14.0,0.0
2022-06-27 00:00:00,2022-06-27T00:00:00,13.2,0.0
2022-06-27 01:00:00,2022-06-27T01:00:00,12.2,0.0
2022-06-27 02:00:00,2022-06-27T02:00:00,11.6,0.0
2022-06-27 03:00:00,2022-06-27T03:00:00,10.7,0.0
2022-06-27 04:00:00,2022-06-27T04:00:00,11.0,0.0
2022-06-27 05:00:00,2022-06-27T05:00:00,10.7,0.0
2022-06-27 06:00:00,2022-06-27T06:00:00,10.4,0.0
2022-06-27 07:00:00,2022-06-27T07:00:00,10.5,0.0
2022-06-27 08:00:00,2022-06-27T08:00:00,10.2,0.0
2022-06-27 09:00:00,2022-06-27T09:00:00,9.8,0.0
2022-06-27 10:00:00,2022-06-27T10:00:00,10.8,0.0
2022-06-27 11:00:00,2022-06-27T11:00:00,11.9,0.0
2022-06-27 12:00:00,2022-06-27T12:00:00,13.1,0.0
2022-06-27 13:00:00,2022-06-27T13:00:00,14.1,0.0
2022-06-27 14:00:00,2022-06-27T14:00:00,15.2,0.0
2022-06-27 15:00:00,2022-06-27T15:00:00,16.6,0.0
2022-06-27 16:00:00,2022-06-27T16:00:00,17.3,0.0
2022-06-27 17:00:00,2022-06-27T17:00:00,18.2,0.0
2022-06-27 18:00:00,2022-06-27T18:00:00,18.0,0.0
2022-06-27 19:00:00,2022-06-27T19:00:00,17.2,0.0
2022-06-27 20:00:00,2022-06-27T20:00:00,15.3,0.0
2022-06-27 21:00:00,2022-06-27T21:00:00,13.4,0.0
2022-06-27 22:00:00,2022-06-27T22:00:00,11.5,0.0
2022-06-27 23:00:00,2022-06-27T23:00:00,10.3,0.0
2022-06-28 00:00:00,2022-06-28T00:00:00,9.6,0.0
2022-06-28 01:00:00,2022-06-28T01:00:00,9.6,0.0
2022-06-28 02:00:00,2022-06-28T02:00:00,9.4,0.0
2022-06-28 03:00:00,2022-06-28T03:00:00,8.1,0.0
2022-06-28 04:00:00,2022-06-28T04:00:00,7.3,0.0
2022-06-28 05:00:00,2022-06-28T05:00:00,6.6,0.0
2022-06-28 06:00:00,2022-06-28T06:00:00,6.3,0.0
2022-06-28 07:00:00,2022-06-28T07:00:00,5.9,0.0
2022-06-28 08:00:00,2022-06-28T08:00:00,5.8,0.0
2022-06-28 09:00:00,2022-06-28T09:00:00,5.7,0.0
2022-06-28 10:00:00,2022-06-28T10:00:00,7.8,0.0
2022-06-28 11:00:00,2022-06-28T11:00:00,10.4,0.0
2022-06-28 12:00:00,2022-06-28T12:00:00,12.6,0.0
2022-06-28 13:00:00,2022-06-28T13:00:00,14.7,0.0
2022-06-28 14:00:00,2022-06-28T14:00:00,16.6,0.0
2022-06-28 15:00:00,2022-06-28T15:00:00,18.7,0.0
2022-06-28 16:00:00,2022-06-28T16:00:00,19.8,0.0
2022-06-28 17:00:00,2022-06-28T17:00:00,20.3,0.0
2022-06-28 18:00:00,2022-06-28T18:00:00,20.2,0.0
2022-06-28 19:00:00,2022-06-28T19:00:00,19.8,0.0
2022-06-28 20:00:00,2022-06-28T20:00:00,17.9,0.0
2022-06-28 21:00:00,2022-06-28T21:00:00,13.7,0.0
2022-06-28 22:00:00,2022-06-28T22:00:00,11.8,0.0
2022-06-28 23:00:00,2022-06-28T23:00:00,10.9,0.0
2022-06-29 00:00:00,2022-06-29T00:00:00,10.5,0.0
2022-06-29 01:00:00,2022-06-29T01:00:00,10.2,0.0
2022-06-29 02:00:00,2022-06-29T02:00:00,9.7,0.0
2022-06-29 03:00:00,2022-06-29T03:00:00,9.2,0.0
2022-06-29 04:00:00,2022-06-29T04:00:00,8.5,0.0
2022-06-29 05:00:00,2022-06-29T05:00:00,7.9,0.0
2022-06-29 06:00:00,2022-06-29T06:00:00,7.6,0.0
2022-06-29 07:00:00,2022-06-29T07:00:00,7.3,0.0
2022-06-29 08:00:00,2022-06-29T08:00:00,7.2,0.0
2022-06-29 09:00:00,2022-06-29T09:00:00,7.3,0.0
2022-06-29 10:00:00,2022-06-29T10:00:00,8.8,0.0
2022-06-29 11:00:00,2022-06-29T11:00:00,12.0,0.0
2022-06-29 12:00:00,2022-06-29T12:00:00,14.9,0.0
2022-06-29 13:00:00,2022-06-29T13:00:00,17.0,0.0
2022-06-29 14:00:00,2022-06-29T14:00:00,19.0,0.0
2022-06-29 15:00:00,2022-06-29T15:00:00,21.2,0.0
2022-06-29 16:00:00,2022-06-29T16:00:00,22.1,0.0
2022-06-29 17:00:00,2022-06-29T17:00:00,22.6,0.0
2022-06-29 18:00:00,2022-06-29T18:00:00,22.4,0.0
2022-06-29 19:00:00,2022-06-29T19:00:00,21.8,0.0
2022-06-29 20:00:00,2022-06-29T20:00:00,20.8,0.0
2022-06-29 21:00:00,2022-06-29T21:00:00,17.1,0.0
2022-06-29 22:00:00,2022-06-29T22:00:00,15.5,0.0
2022-06-29 23:00:00,2022-06-29T23:00:00,15.5,0.0
2022-06-30 00:00:00,2022-06-30T00:00:00,14.9,0.0
2022-06-30 01:00:00,2022-06-30T01:00:00,14.5,0.0
2022-06-30 02:00:00,2022-06-30T02:00:00,13.1,0.0
2022-06-30 03:00:00,2022-06-30T03:00:00,12.5,0.0
2022-06-30 04:00:00,2022-06-30T04:00:00,11.9,0.0
2022-06-30 05:00:00,2022-06-30T05:00:00,11.5,0.0
2022-06-30 06:00:00,2022-06-30T06:00:00,11.3,0.0
2022-06-30 07:00:00,2022-06-30T07:00:00,11.3,0.0
2022-06-30 08:00:00,2022-06-30T08:00:00,10.8,0.0
2022-06-30 09:00:00,2022-06-30T09:00:00,10.4,0.0
2022-06-30 10:00:00,2022-06-30T10:00:00,11.4,0.0
2022-06-30 11:00:00,2022-06-30T11:00:00,14.2,0.0
2022-06-30 12:00:00,2022-06-30T12:00:00,17.1,0.0
2022-06-30 13:00:00,2022-06-30T13:00:00,18.7,0.0
2022-06-30 14:00:00,2022-06-30T14:00:00,20.4,0.0
2022-06-30 15:00:00,2022-06-30T15:00:00,22.6,0.0
2022-06-30 16:00:00,2022-06-30T16:00:00,23.0,0.0
2022-06-30 17:00:00,2022-06-30T17:00:00,23.6,0.0
2022-06-30 18:00:00,2022-06-30T18:00:00,23.7,0.0
2022-06-30 19:00:00,2022-06-30T19:00:00,23.2,0.0
2022-06-30 20:00:00,2022-06-30T20:00:00,21.8,0.0
2022-06-30 21:00:00,2022-06-30T21:00:00,17.3,0.0
2022-06-30 22:00:00,2022-06-30T22:00:00,14.3,0.0
2022-06-30 23:00:00,2022-06-30T23:00:00,13.5,0.0
